timestamp,fish_id,x_coordinate,y_coordinate
1765305146.4755852,1,491,370
1765305146.4755852,2,276,417
1765305146.4755852,3,345,403
1765305146.4755852,4,384,478
1765305146.4755852,5,388,199
1765305146.4755852,6,324,272
1765305146.4755852,7,666,543
1765305146.4755852,8,263,499
1765305146.4755852,9,644,580
1765305146.4755852,10,324,211
1765305146.4755852,11,365,357
1765305146.4755852,12,381,339
1765305146.4755852,13,364,295
1765305146.4755852,14,401,235
1765305146.4755852,15,352,329
1765305149.5743408,1,491,371
1765305149.5743408,2,276,417
1765305149.5743408,4,383,478
1765305149.5743408,3,347,403
1765305149.5743408,5,388,199
1765305149.5743408,6,322,272
1765305149.5743408,7,665,542
1765305149.5743408,8,263,500
1765305149.5743408,9,644,579
1765305149.5743408,10,324,209
1765305149.5743408,14,400,235
1765305149.5743408,12,378,338
1765305149.5743408,11,365,356
1765305149.5743408,15,357,330
1765305149.7663913,1,492,372
1765305149.7663913,2,276,418
1765305149.7663913,3,348,402
1765305149.7663913,4,383,479
1765305149.7663913,5,387,200
1765305149.7663913,6,327,273
1765305149.7663913,8,262,503
1765305149.7663913,7,665,541
1765305149.7663913,14,403,236
1765305149.7663913,10,324,206
1765305149.7663913,9,644,579
1765305149.7663913,12,379,334
1765305149.7663913,16,1051,670
1765305149.7663913,15,372,327
1765305149.7663913,11,364,356
1765305149.9170692,1,493,373
1765305149.9170692,2,276,418
1765305149.9170692,3,349,400
1765305149.9170692,6,328,273
1765305149.9170692,5,387,199
1765305149.9170692,4,381,479
1765305149.9170692,8,257,504
1765305149.9170692,7,666,542
1765305149.9170692,14,404,236
1765305149.9170692,10,324,205
1765305149.9170692,9,644,579
1765305149.9170692,11,364,359
1765305149.9170692,15,372,327
1765305149.9170692,16,1052,670
1765305149.9170692,12,382,334
1765305149.9971397,1,494,374
1765305149.9971397,2,277,419
1765305149.9971397,3,349,400
1765305149.9971397,4,379,480
1765305149.9971397,6,330,274
1765305149.9971397,5,387,199
1765305149.9971397,8,256,505
1765305149.9971397,7,667,542
1765305149.9971397,14,404,237
1765305149.9971397,10,324,204
1765305149.9971397,9,644,579
1765305149.9971397,12,379,332
1765305149.9971397,16,1051,670
1765305149.9971397,11,363,357
1765305150.058499,1,495,374
1765305150.058499,3,350,398
1765305150.058499,2,279,420
1765305150.058499,6,334,276
1765305150.058499,4,379,480
1765305150.058499,5,388,199
1765305150.058499,8,256,505
1765305150.058499,7,668,542
1765305150.058499,14,403,237
1765305150.058499,10,324,204
1765305150.058499,9,644,579
1765305150.058499,16,1051,670
1765305150.058499,11,364,356
1765305150.058499,12,381,338
1765305150.1351,1,495,374
1765305150.1351,3,349,396
1765305150.1351,6,334,276
1765305150.1351,2,280,421
1765305150.1351,4,378,480
1765305150.1351,5,387,199
1765305150.1351,8,256,505
1765305150.1351,7,668,542
1765305150.1351,14,403,237
1765305150.1351,10,324,206
1765305150.1351,17,334,324
1765305150.1351,9,644,579
1765305150.1351,16,1051,670
1765305150.1351,12,385,338
1765305150.1351,11,365,357
1765305150.2652278,1,499,376
1765305150.2652278,3,349,395
1765305150.2652278,4,376,481
1765305150.2652278,5,387,199
1765305150.2652278,6,334,279
1765305150.2652278,2,277,422
1765305150.2652278,8,255,506
1765305150.2652278,7,669,541
1765305150.2652278,14,402,237
1765305150.2652278,10,327,200
1765305150.2652278,16,1051,667
1765305150.2652278,9,644,578
1765305150.2652278,19,391,348
1765305150.2652278,17,334,325
1765305150.2652278,12,380,332
1765305150.2652278,11,366,359
1765305150.3576517,1,500,376
1765305150.3576517,3,349,393
1765305150.3576517,4,376,481
1765305150.3576517,6,331,281
1765305150.3576517,5,385,199
1765305150.3576517,2,275,423
1765305150.3576517,8,254,506
1765305150.3576517,14,401,237
1765305150.3576517,7,669,541
1765305150.3576517,10,327,200
1765305150.3576517,12,378,334
1765305150.3576517,9,644,578
1765305150.3576517,16,1052,668
1765305150.3576517,17,333,326
1765305150.3576517,19,385,342
1765305150.4291983,1,501,377
1765305150.4291983,3,350,391
1765305150.4291983,4,376,482
1765305150.4291983,6,331,282
1765305150.4291983,5,385,199
1765305150.4291983,8,253,507
1765305150.4291983,2,274,424
1765305150.4291983,14,401,237
1765305150.4291983,7,669,541
1765305150.4291983,10,327,200
1765305150.4291983,12,378,332
1765305150.4291983,16,1051,667
1765305150.4291983,9,644,578
1765305150.4291983,19,386,343
1765305150.4291983,17,334,325
1765305150.4963398,1,502,378
1765305150.4963398,6,331,283
1765305150.4963398,4,375,482
1765305150.4963398,3,351,391
1765305150.4963398,5,386,199
1765305150.4963398,2,273,426
1765305150.4963398,12,383,338
1765305150.4963398,8,253,507
1765305150.4963398,7,670,541
1765305150.4963398,10,327,200
1765305150.4963398,9,644,579
1765305150.4963398,14,402,238
1765305150.4963398,17,332,325
1765305150.4963398,16,1051,668
1765305150.580395,1,504,379
1765305150.580395,4,374,483
1765305150.580395,6,333,282
1765305150.580395,5,385,199
1765305150.580395,2,273,427
1765305150.580395,3,350,388
1765305150.580395,8,253,507
1765305150.580395,12,385,339
1765305150.580395,10,327,199
1765305150.580395,7,669,541
1765305150.580395,9,644,578
1765305150.580395,17,331,324
1765305150.580395,16,1051,669
1765305150.580395,14,402,239
1765305150.6571224,1,507,379
1765305150.6571224,4,374,483
1765305150.6571224,5,386,198
1765305150.6571224,2,272,427
1765305150.6571224,3,350,385
1765305150.6571224,12,386,344
1765305150.6571224,6,334,284
1765305150.6571224,7,670,541
1765305150.6571224,10,327,200
1765305150.6571224,8,254,508
1765305150.6571224,17,330,323
1765305150.6571224,9,644,578
1765305150.6571224,21,362,379
1765305150.6571224,16,1051,668
1765305150.8114412,1,508,380
1765305150.8114412,4,373,483
1765305150.8114412,5,389,198
1765305150.8114412,2,271,428
1765305150.8114412,3,347,384
1765305150.8114412,7,671,541
1765305150.8114412,10,327,201
1765305150.8114412,12,387,345
1765305150.8114412,17,330,323
1765305150.8114412,8,254,511
1765305150.8114412,6,334,287
1765305150.8114412,9,644,578
1765305150.8114412,21,360,381
1765305150.8114412,16,1051,669
1765305150.8787837,1,510,380
1765305150.8787837,4,373,483
1765305150.8787837,5,388,198
1765305150.8787837,2,270,429
1765305150.8787837,3,345,382
1765305150.8787837,7,671,540
1765305150.8787837,10,327,201
1765305150.8787837,12,388,347
1765305150.8787837,17,330,322
1765305150.8787837,6,332,286
1765305150.8787837,9,644,578
1765305150.8787837,8,254,511
1765305150.8787837,21,364,380
1765305150.8787837,22,369,375
1765305150.8787837,16,1051,669
1765305150.9644809,1,510,381
1765305150.9644809,4,372,485
1765305150.9644809,5,387,197
1765305150.9644809,2,270,430
1765305150.9644809,6,338,287
1765305150.9644809,3,346,381
1765305150.9644809,12,391,349
1765305150.9644809,7,670,540
1765305150.9644809,8,256,511
1765305150.9644809,10,326,200
1765305150.9644809,9,644,578
1765305150.9644809,17,330,321
1765305150.9644809,21,366,380
1765305150.9644809,22,369,376
1765305150.9644809,16,1052,668
1765305151.0256898,1,511,381
1765305151.0256898,4,372,485
1765305151.0256898,6,339,287
1765305151.0256898,5,390,198
1765305151.0256898,3,343,379
1765305151.0256898,2,270,431
1765305151.0256898,7,670,539
1765305151.0256898,12,394,350
1765305151.0256898,10,326,200
1765305151.0256898,8,256,511
1765305151.0256898,9,644,579
1765305151.0256898,22,376,383
1765305151.0256898,17,330,320
1765305151.0256898,21,366,376
1765305151.0256898,16,1053,669
1765305151.0865655,1,513,382
1765305151.0865655,4,371,486
1765305151.0865655,6,338,288
1765305151.0865655,3,343,379
1765305151.0865655,5,391,198
1765305151.0865655,12,395,352
1765305151.0865655,2,270,432
1765305151.0865655,7,671,539
1765305151.0865655,10,326,201
1765305151.0865655,9,644,579
1765305151.0865655,22,377,383
1765305151.0865655,8,256,511
1765305151.0865655,24,365,175
1765305151.0865655,21,366,376
1765305151.0865655,23,326,154
1765305151.0865655,16,1054,669
1765305151.0865655,17,331,320
1765305151.1482904,1,513,383
1765305151.1482904,6,336,288
1765305151.1482904,4,371,486
1765305151.1482904,3,342,376
1765305151.1482904,5,390,198
1765305151.1482904,2,270,433
1765305151.1482904,7,671,538
1765305151.1482904,10,327,200
1765305151.1482904,9,644,578
1765305151.1482904,22,378,385
1765305151.1482904,12,395,349
1765305151.1482904,8,256,512
1765305151.1482904,24,365,174
1765305151.1482904,23,326,154
1765305151.1482904,21,365,380
1765305151.1482904,16,1056,670
1765305151.1482904,17,331,321
1765305151.2053847,1,515,383
1765305151.2053847,4,370,486
1765305151.2053847,6,333,290
1765305151.2053847,3,340,373
1765305151.2053847,2,270,435
1765305151.2053847,7,671,538
1765305151.2053847,5,391,197
1765305151.2053847,22,378,388
1765305151.2053847,9,645,578
1765305151.2053847,12,398,351
1765305151.2053847,10,326,200
1765305151.2053847,24,365,174
1765305151.2053847,8,256,512
1765305151.2053847,23,326,154
1765305151.2053847,17,329,321
1765305151.2053847,16,1054,671
1765305151.2053847,21,365,381
1765305151.280965,1,516,384
1765305151.280965,4,369,486
1765305151.280965,6,333,291
1765305151.280965,2,270,436
1765305151.280965,7,671,537
1765305151.280965,3,341,370
1765305151.280965,5,387,198
1765305151.280965,22,382,392
1765305151.280965,9,645,578
1765305151.280965,10,326,199
1765305151.280965,24,365,174
1765305151.280965,12,400,354
1765305151.280965,23,326,154
1765305151.280965,8,256,512
1765305151.280965,16,1053,670
1765305151.280965,17,330,324
1765305151.330703,1,516,384
1765305151.330703,4,369,486
1765305151.330703,6,334,291
1765305151.330703,7,672,538
1765305151.330703,2,270,438
1765305151.330703,3,340,367
1765305151.330703,5,388,198
1765305151.330703,12,405,363
1765305151.330703,9,645,578
1765305151.330703,22,382,393
1765305151.330703,10,326,198
1765305151.330703,24,365,174
1765305151.330703,23,326,154
1765305151.330703,16,1054,671
1765305151.330703,8,256,513
1765305151.406105,1,519,386
1765305151.406105,4,369,486
1765305151.406105,7,672,538
1765305151.406105,2,270,441
1765305151.406105,6,339,293
1765305151.406105,3,341,365
1765305151.406105,5,387,198
1765305151.406105,22,385,394
1765305151.406105,9,645,578
1765305151.406105,12,408,368
1765305151.406105,10,325,196
1765305151.406105,24,365,174
1765305151.406105,16,1052,670
1765305151.406105,8,256,515
1765305151.406105,23,326,154
1765305151.4653194,1,520,386
1765305151.4653194,4,369,486
1765305151.4653194,7,672,538
1765305151.4653194,3,342,365
1765305151.4653194,6,338,293
1765305151.4653194,2,270,442
1765305151.4653194,5,388,198
1765305151.4653194,22,387,397
1765305151.4653194,12,413,372
1765305151.4653194,9,645,579
1765305151.4653194,8,257,515
1765305151.4653194,24,365,174
1765305151.4653194,10,325,195
1765305151.4653194,16,1052,671
1765305151.4653194,23,326,155
1765305151.5376737,1,522,387
1765305151.5376737,3,343,363
1765305151.5376737,4,369,486
1765305151.5376737,7,672,538
1765305151.5376737,6,338,295
1765305151.5376737,5,389,198
1765305151.5376737,12,415,376
1765305151.5376737,2,269,444
1765305151.5376737,9,646,579
1765305151.5376737,22,389,400
1765305151.5376737,8,257,515
1765305151.5376737,24,366,174
1765305151.5376737,16,1053,670
1765305151.5376737,10,325,195
1765305151.5376737,23,326,154
1765305151.5955276,1,523,387
1765305151.5955276,3,343,360
1765305151.5955276,7,674,537
1765305151.5955276,4,369,487
1765305151.5955276,5,388,198
1765305151.5955276,6,339,297
1765305151.5955276,2,268,445
1765305151.5955276,22,392,403
1765305151.5955276,12,417,378
1765305151.5955276,9,646,578
1765305151.5955276,8,258,516
1765305151.5955276,23,326,155
1765305151.5955276,16,1053,670
1765305151.5955276,24,366,174
1765305151.5955276,27,332,277
1765305151.5955276,10,325,194
1765305151.6482682,3,344,359
1765305151.6482682,1,525,388
1765305151.6482682,7,674,537
1765305151.6482682,4,369,487
1765305151.6482682,5,387,197
1765305151.6482682,6,340,302
1765305151.6482682,12,420,382
1765305151.6482682,2,268,446
1765305151.6482682,22,394,406
1765305151.6482682,9,646,578
1765305151.6482682,8,258,517
1765305151.6482682,23,326,155
1765305151.6482682,16,1052,670
1765305151.6482682,27,326,276
1765305151.6482682,10,325,193
1765305151.6482682,24,366,174
1765305151.7056158,3,343,357
1765305151.7056158,1,526,389
1765305151.7056158,7,674,538
1765305151.7056158,4,369,487
1765305151.7056158,6,335,303
1765305151.7056158,22,395,408
1765305151.7056158,5,388,197
1765305151.7056158,2,269,447
1765305151.7056158,8,258,516
1765305151.7056158,9,646,579
1765305151.7056158,23,326,155
1765305151.7056158,16,1053,671
1765305151.7056158,10,325,192
1765305151.7056158,24,366,174
1765305151.7056158,12,421,385
1765305151.7604997,3,343,355
1765305151.7604997,1,527,389
1765305151.7604997,7,673,537
1765305151.7604997,4,368,487
1765305151.7604997,5,388,197
1765305151.7604997,2,269,449
1765305151.7604997,22,397,411
1765305151.7604997,8,258,517
1765305151.7604997,6,334,304
1765305151.7604997,9,646,579
1765305151.7604997,23,326,155
1765305151.7604997,16,1052,671
1765305151.7604997,10,325,191
1765305151.7604997,24,367,173
1765305151.7604997,12,423,388
1765305151.8160846,3,344,354
1765305151.8160846,1,528,389
1765305151.8160846,7,675,538
1765305151.8160846,4,368,487
1765305151.8160846,22,398,415
1765305151.8160846,5,388,197
1765305151.8160846,2,269,452
1765305151.8160846,8,258,517
1765305151.8160846,9,645,579
1765305151.8160846,12,432,390
1765305151.8160846,23,326,155
1765305151.8160846,10,325,191
1765305151.8160846,16,1052,671
1765305151.8160846,6,337,303
1765305151.8160846,24,367,173
1765305151.8922043,3,343,354
1765305151.8922043,1,531,390
1765305151.8922043,7,676,537
1765305151.8922043,5,385,197
1765305151.8922043,9,646,579
1765305151.8922043,2,270,453
1765305151.8922043,4,362,487
1765305151.8922043,12,430,393
1765305151.8922043,22,397,414
1765305151.8922043,8,259,517
1765305151.8922043,6,327,305
1765305151.8922043,23,326,156
1765305151.8922043,27,318,273
1765305151.8922043,10,325,185
1765305151.8922043,24,367,173
1765305151.8922043,16,1045,670
1765305151.9663625,1,532,391
1765305151.9663625,3,343,353
1765305151.9663625,7,677,537
1765305151.9663625,5,385,197
1765305151.9663625,9,646,579
1765305151.9663625,2,270,455
1765305151.9663625,12,433,400
1765305151.9663625,4,362,487
1765305151.9663625,22,397,415
1765305151.9663625,27,324,274
1765305151.9663625,23,326,156
1765305151.9663625,10,325,184
1765305151.9663625,8,259,517
1765305151.9663625,24,366,173
1765305151.9663625,6,328,302
1765305151.9663625,16,1044,670
1765305152.0305367,1,534,391
1765305152.0305367,7,676,538
1765305152.0305367,3,342,352
1765305152.0305367,9,647,580
1765305152.0305367,12,435,402
1765305152.0305367,5,385,197
1765305152.0305367,22,397,418
1765305152.0305367,4,362,487
1765305152.0305367,2,271,456
1765305152.0305367,27,325,274
1765305152.0305367,23,327,158
1765305152.0305367,10,325,184
1765305152.0305367,30,330,238
1765305152.0305367,16,1051,670
1765305152.0305367,24,366,173
1765305152.0930343,1,536,392
1765305152.0930343,9,647,581
1765305152.0930343,7,676,537
1765305152.0930343,3,344,350
1765305152.0930343,22,401,422
1765305152.0930343,5,386,195
1765305152.0930343,2,270,456
1765305152.0930343,12,440,408
1765305152.0930343,4,362,488
1765305152.0930343,27,324,274
1765305152.0930343,31,369,270
1765305152.0930343,23,331,159
1765305152.0930343,30,332,239
1765305152.0930343,16,1047,670
1765305152.14515,1,538,393
1765305152.14515,9,647,580
1765305152.14515,7,674,537
1765305152.14515,22,403,424
1765305152.14515,3,344,349
1765305152.14515,5,387,194
1765305152.14515,12,445,411
1765305152.14515,2,270,456
1765305152.14515,4,361,488
1765305152.14515,27,322,272
1765305152.14515,31,369,270
1765305152.14515,30,332,237
1765305152.14515,6,326,310
1765305152.14515,8,265,518
1765305152.14515,16,1047,669
1765305152.2039847,1,538,393
1765305152.2039847,22,406,427
1765305152.2039847,7,675,537
1765305152.2039847,9,648,581
1765305152.2039847,3,345,348
1765305152.2039847,5,388,196
1765305152.2039847,12,447,413
1765305152.2039847,8,268,518
1765305152.2039847,27,319,270
1765305152.2039847,2,271,460
1765305152.2039847,4,361,488
1765305152.2039847,31,368,268
1765305152.2039847,6,328,311
1765305152.2039847,35,330,229
1765305152.2039847,30,332,235
1765305152.2039847,23,327,160
1765305152.2039847,10,327,181
1765305152.2039847,16,1051,669
1765305152.321952,1,540,394
1765305152.321952,22,407,429
1765305152.321952,9,648,581
1765305152.321952,3,345,347
1765305152.321952,7,676,537
1765305152.321952,5,388,196
1765305152.321952,12,450,414
1765305152.321952,8,271,518
1765305152.321952,27,319,269
1765305152.321952,2,271,461
1765305152.321952,4,361,489
1765305152.321952,35,333,230
1765305152.321952,6,329,310
1765305152.321952,10,327,180
1765305152.321952,23,327,160
1765305152.321952,16,1045,670
1765305152.321952,31,367,267
1765305152.4654083,1,543,396
1765305152.4654083,3,344,345
1765305152.4654083,8,273,517
1765305152.4654083,7,677,537
1765305152.4654083,27,320,268
1765305152.4654083,9,649,580
1765305152.4654083,5,390,197
1765305152.4654083,22,410,433
1765305152.4654083,12,450,416
1765305152.4654083,4,360,491
1765305152.4654083,2,270,465
1765305152.4654083,35,331,227
1765305152.4654083,16,1047,669
1765305152.4654083,10,326,180
1765305152.4654083,31,377,267
1765305152.5453322,3,344,344
1765305152.5453322,1,545,397
1765305152.5453322,8,276,519
1765305152.5453322,27,320,267
1765305152.5453322,9,648,580
1765305152.5453322,7,678,536
1765305152.5453322,22,414,435
1765305152.5453322,4,360,490
1765305152.5453322,2,270,466
1765305152.5453322,12,449,420
1765305152.5453322,5,391,198
1765305152.5453322,35,330,226
1765305152.5453322,16,1050,669
1765305152.5453322,10,326,179
1765305152.6209035,3,346,344
1765305152.6209035,8,277,519
1765305152.6209035,1,547,397
1765305152.6209035,9,648,580
1765305152.6209035,7,679,536
1765305152.6209035,27,320,267
1765305152.6209035,22,416,438
1765305152.6209035,2,270,467
1765305152.6209035,4,360,490
1765305152.6209035,5,393,200
1765305152.6209035,12,456,423
1765305152.6209035,30,334,230
1765305152.6209035,38,382,269
1765305152.6209035,16,1051,670
1765305152.6209035,10,325,180
1765305152.750193,3,346,344
1765305152.750193,1,549,398
1765305152.750193,8,279,521
1765305152.750193,9,649,580
1765305152.750193,22,421,440
1765305152.750193,7,679,536
1765305152.750193,27,320,266
1765305152.750193,2,270,469
1765305152.750193,4,361,490
1765305152.750193,5,394,201
1765305152.750193,12,463,425
1765305152.750193,30,334,230
1765305152.750193,39,418,396
1765305152.750193,16,1051,669
1765305152.750193,10,324,180
1765305152.750193,38,384,269
1765305152.8351357,3,347,344
1765305152.8351357,1,551,399
1765305152.8351357,8,281,521
1765305152.8351357,9,649,581
1765305152.8351357,22,424,443
1765305152.8351357,7,679,535
1765305152.8351357,27,321,266
1765305152.8351357,2,270,469
1765305152.8351357,12,466,426
1765305152.8351357,4,360,489
1765305152.8351357,30,334,230
1765305152.8351357,5,395,203
1765305152.8351357,39,418,398
1765305152.8351357,10,324,181
1765305152.8351357,24,369,170
1765305152.8351357,38,386,269
1765305152.8351357,16,1051,671
1765305152.8914926,22,426,445
1765305152.8914926,9,650,581
1765305152.8914926,1,555,400
1765305152.8914926,3,347,344
1765305152.8914926,8,283,521
1765305152.8914926,7,679,535
1765305152.8914926,2,270,471
1765305152.8914926,5,396,203
1765305152.8914926,12,469,428
1765305152.8914926,4,358,489
1765305152.8914926,39,418,400
1765305152.8914926,30,333,230
1765305152.8914926,27,315,263
1765305152.8914926,10,324,182
1765305152.8914926,16,1051,670
1765305152.8914926,38,382,268
1765305152.9652553,9,650,582
1765305152.9652553,22,429,446
1765305152.9652553,1,555,401
1765305152.9652553,8,287,521
1765305152.9652553,3,344,342
1765305152.9652553,2,272,471
1765305152.9652553,7,679,535
1765305152.9652553,12,471,430
1765305152.9652553,4,357,489
1765305152.9652553,30,332,230
1765305152.9652553,5,396,204
1765305152.9652553,10,325,182
1765305152.9652553,40,329,294
1765305152.9652553,27,315,260
1765305152.9652553,16,1051,669
1765305152.9652553,39,421,406
1765305153.0379076,9,649,583
1765305153.0379076,1,557,401
1765305153.0379076,3,343,342
1765305153.0379076,5,395,205
1765305153.0379076,8,290,520
1765305153.0379076,12,473,431
1765305153.0379076,22,431,447
1765305153.0379076,7,679,535
1765305153.0379076,2,273,472
1765305153.0379076,4,356,489
1765305153.0379076,30,333,231
1765305153.0379076,16,1051,666
1765305153.0379076,10,324,181
1765305153.0379076,39,419,401
1765305153.0379076,40,329,291
1765305153.0379076,27,318,260
1765305153.0992546,9,647,585
1765305153.0992546,22,434,451
1765305153.0992546,1,558,402
1765305153.0992546,5,397,206
1765305153.0992546,3,347,342
1765305153.0992546,12,475,432
1765305153.0992546,8,295,522
1765305153.0992546,4,360,492
1765305153.0992546,7,681,535
1765305153.0992546,2,274,474
1765305153.0992546,30,332,228
1765305153.0992546,39,424,410
1765305153.0992546,10,323,183
1765305153.0992546,27,315,259
1765305153.0992546,23,327,155
1765305153.0992546,16,1052,669
1765305153.0992546,40,325,290
1765305153.1616764,9,645,585
1765305153.1616764,22,437,452
1765305153.1616764,1,558,403
1765305153.1616764,3,347,342
1765305153.1616764,12,476,433
1765305153.1616764,5,396,208
1765305153.1616764,4,357,492
1765305153.1616764,8,296,523
1765305153.1616764,2,275,475
1765305153.1616764,7,680,534
1765305153.1616764,30,331,228
1765305153.1616764,39,425,410
1765305153.1616764,27,315,258
1765305153.1616764,10,322,182
1765305153.1616764,23,326,156
1765305153.1616764,42,377,289
1765305153.1616764,40,326,290
1765305153.1616764,16,1052,671
1765305153.206006,9,643,585
1765305153.206006,3,347,342
1765305153.206006,22,440,455
1765305153.206006,4,355,493
1765305153.206006,1,560,404
1765305153.206006,8,299,522
1765305153.206006,2,275,476
1765305153.206006,12,480,439
1765305153.206006,7,680,534
1765305153.206006,30,330,227
1765305153.206006,5,394,210
1765305153.206006,39,426,412
1765305153.206006,27,316,257
1765305153.206006,10,322,182
1765305153.206006,23,326,156
1765305153.206006,42,376,289
1765305153.206006,16,1052,670
1765305153.206006,40,328,289
1765305153.2552776,9,643,585
1765305153.2552776,3,347,343
1765305153.2552776,4,355,493
1765305153.2552776,1,561,404
1765305153.2552776,22,444,455
1765305153.2552776,2,276,476
1765305153.2552776,8,304,523
1765305153.2552776,7,681,534
1765305153.2552776,12,481,439
1765305153.2552776,5,394,211
1765305153.2552776,30,329,227
1765305153.2552776,39,426,415
1765305153.2552776,27,318,255
1765305153.2552776,42,376,291
1765305153.2552776,10,322,182
1765305153.2552776,23,326,155
1765305153.2552776,16,1051,671
1765305153.2552776,40,328,288
1765305153.3011622,1,564,405
1765305153.3011622,3,347,344
1765305153.3011622,9,644,587
1765305153.3011622,4,354,492
1765305153.3011622,5,394,211
1765305153.3011622,22,447,457
1765305153.3011622,8,309,523
1765305153.3011622,2,276,477
1765305153.3011622,7,681,534
1765305153.3011622,12,484,441
1765305153.3011622,30,329,226
1765305153.3011622,39,426,416
1765305153.3011622,27,318,253
1765305153.3011622,42,373,296
1765305153.3011622,10,322,182
1765305153.3011622,23,325,154
1765305153.3011622,16,1051,669
1765305153.3011622,40,323,280
1765305153.3454936,9,644,586
1765305153.3454936,1,567,406
1765305153.3454936,3,347,345
1765305153.3454936,4,354,492
1765305153.3454936,8,312,523
1765305153.3454936,5,394,212
1765305153.3454936,2,277,477
1765305153.3454936,7,682,533
1765305153.3454936,22,451,457
1765305153.3454936,30,328,226
1765305153.3454936,39,426,416
1765305153.3454936,12,488,445
1765305153.3454936,27,318,251
1765305153.3454936,23,325,154
1765305153.3454936,42,373,299
1765305153.3454936,10,323,182
1765305153.3454936,16,1051,668
1765305153.3982978,9,644,586
1765305153.3982978,3,347,345
1765305153.3982978,1,568,406
1765305153.3982978,8,318,523
1765305153.3982978,2,278,478
1765305153.3982978,4,355,492
1765305153.3982978,5,393,214
1765305153.3982978,7,682,534
1765305153.3982978,30,328,226
1765305153.3982978,12,489,446
1765305153.3982978,22,455,457
1765305153.3982978,39,426,417
1765305153.3982978,23,326,154
1765305153.3982978,27,319,250
1765305153.3982978,42,368,303
1765305153.3982978,10,323,182
1765305153.3982978,16,1046,668
1765305153.4471848,9,643,586
1765305153.4471848,8,324,522
1765305153.4471848,3,346,346
1765305153.4471848,2,279,481
1765305153.4471848,1,569,407
1765305153.4471848,5,391,214
1765305153.4471848,7,682,533
1765305153.4471848,4,357,491
1765305153.4471848,12,491,447
1765305153.4471848,30,329,226
1765305153.4471848,42,367,305
1765305153.4471848,39,425,418
1765305153.4471848,22,464,458
1765305153.4471848,27,322,249
1765305153.4471848,10,322,183
1765305153.4471848,23,326,154
1765305153.4471848,16,1050,670
1765305153.4890885,8,328,521
1765305153.4890885,9,641,586
1765305153.4890885,3,347,347
1765305153.4890885,1,569,407
1765305153.4890885,2,279,482
1765305153.4890885,4,358,492
1765305153.4890885,7,681,533
1765305153.4890885,5,391,214
1765305153.4890885,39,425,421
1765305153.4890885,42,368,307
1765305153.4890885,12,494,448
1765305153.4890885,30,328,226
1765305153.4890885,22,464,459
1765305153.4890885,27,322,246
1765305153.4890885,10,322,183
1765305153.4890885,23,327,154
1765305153.4890885,16,1051,670
1765305153.537365,9,639,587
1765305153.537365,8,331,520
1765305153.537365,1,571,409
1765305153.537365,3,346,347
1765305153.537365,2,279,483
1765305153.537365,4,359,492
1765305153.537365,7,682,534
1765305153.537365,39,425,423
1765305153.537365,12,497,448
1765305153.537365,5,392,215
1765305153.537365,30,328,226
1765305153.537365,22,468,461
1765305153.537365,42,368,308
1765305153.537365,27,323,245
1765305153.537365,10,321,182
1765305153.537365,23,326,154
1765305153.537365,16,1052,671
1765305153.579584,9,638,586
1765305153.579584,1,572,410
1765305153.579584,2,279,483
1765305153.579584,8,333,521
1765305153.579584,3,345,347
1765305153.579584,4,357,492
1765305153.579584,7,682,534
1765305153.579584,12,500,448
1765305153.579584,5,397,217
1765305153.579584,22,471,461
1765305153.579584,30,326,228
1765305153.579584,39,426,423
1765305153.579584,42,370,308
1765305153.579584,27,323,239
1765305153.579584,10,321,183
1765305153.579584,23,325,153
1765305153.579584,16,1051,669
1765305153.6367164,9,636,587
1765305153.6367164,1,574,411
1765305153.6367164,8,338,522
1765305153.6367164,3,344,348
1765305153.6367164,2,280,483
1765305153.6367164,5,398,220
1765305153.6367164,30,327,229
1765305153.6367164,4,357,492
1765305153.6367164,7,682,533
1765305153.6367164,22,477,462
1765305153.6367164,12,506,449
1765305153.6367164,39,426,425
1765305153.6367164,27,325,236
1765305153.6367164,10,321,183
1765305153.6367164,16,1051,669
1765305153.6367164,23,325,153
1765305153.6367164,42,369,307
1765305153.690091,9,634,587
1765305153.690091,1,575,411
1765305153.690091,3,344,349
1765305153.690091,8,345,521
1765305153.690091,2,280,483
1765305153.690091,5,400,220
1765305153.690091,22,478,462
1765305153.690091,7,682,534
1765305153.690091,30,327,230
1765305153.690091,12,509,451
1765305153.690091,4,357,491
1765305153.690091,39,426,426
1765305153.690091,10,322,183
1765305153.690091,23,325,153
1765305153.690091,27,325,236
1765305153.690091,42,369,306
1765305153.690091,16,1049,671
1765305153.753302,9,633,587
1765305153.753302,1,578,412
1765305153.753302,3,343,350
1765305153.753302,2,281,483
1765305153.753302,8,348,521
1765305153.753302,5,400,219
1765305153.753302,4,357,492
1765305153.753302,22,481,464
1765305153.753302,12,510,451
1765305153.753302,7,682,534
1765305153.753302,30,325,230
1765305153.753302,27,324,236
1765305153.753302,39,427,426
1765305153.753302,10,322,183
1765305153.753302,23,325,153
1765305153.753302,16,1052,671
1765305153.753302,42,367,307
1765305153.8083239,9,633,586
1765305153.8083239,1,579,413
1765305153.8083239,3,344,352
1765305153.8083239,2,281,484
1765305153.8083239,5,401,219
1765305153.8083239,12,513,451
1765305153.8083239,7,682,534
1765305153.8083239,4,357,492
1765305153.8083239,22,488,468
1765305153.8083239,27,324,235
1765305153.8083239,8,359,522
1765305153.8083239,39,430,429
1765305153.8083239,10,322,183
1765305153.8083239,23,325,153
1765305153.8083239,16,1051,670
1765305153.8083239,42,367,307
1765305153.857018,9,632,587
1765305153.857018,1,583,414
1765305153.857018,2,282,484
1765305153.857018,5,400,221
1765305153.857018,8,367,521
1765305153.857018,12,519,452
1765305153.857018,22,486,466
1765305153.857018,4,355,494
1765305153.857018,3,344,352
1765305153.857018,39,429,432
1765305153.857018,27,321,233
1765305153.857018,7,683,533
1765305153.857018,30,324,226
1765305153.857018,10,323,184
1765305153.857018,23,324,153
1765305153.857018,16,1055,670
1765305153.9053445,9,631,587
1765305153.9053445,1,585,415
1765305153.9053445,22,490,467
1765305153.9053445,5,400,221
1765305153.9053445,2,282,484
1765305153.9053445,8,370,522
1765305153.9053445,12,522,451
1765305153.9053445,27,321,232
1765305153.9053445,4,355,494
1765305153.9053445,39,429,434
1765305153.9053445,7,683,533
1765305153.9053445,10,323,183
1765305153.9053445,23,324,153
1765305153.9053445,3,344,352
1765305153.9053445,16,1054,671
1765305153.9543068,9,630,587
1765305153.9543068,1,586,416
1765305153.9543068,5,401,222
1765305153.9543068,22,492,467
1765305153.9543068,12,524,450
1765305153.9543068,2,282,484
1765305153.9543068,27,321,230
1765305153.9543068,7,684,533
1765305153.9543068,4,355,493
1765305153.9543068,39,428,435
1765305153.9543068,8,374,522
1765305153.9543068,10,323,183
1765305153.9543068,16,1055,671
1765305153.9543068,23,324,153
1765305153.9988935,9,629,587
1765305153.9988935,5,404,223
1765305153.9988935,22,495,468
1765305153.9988935,1,588,416
1765305153.9988935,2,282,483
1765305153.9988935,12,529,450
1765305153.9988935,27,319,229
1765305153.9988935,8,379,522
1765305153.9988935,4,356,493
1765305153.9988935,39,428,436
1765305153.9988935,7,683,533
1765305153.9988935,10,323,182
1765305153.9988935,16,1054,671
1765305153.9988935,23,325,154
1765305154.0467448,9,627,587
1765305154.0467448,1,589,417
1765305154.0467448,5,406,224
1765305154.0467448,22,497,469
1765305154.0467448,2,282,484
1765305154.0467448,27,318,228
1765305154.0467448,8,382,521
1765305154.0467448,12,532,449
1765305154.0467448,39,428,437
1765305154.0467448,4,355,493
1765305154.0467448,7,683,533
1765305154.0467448,10,323,181
1765305154.0467448,16,1052,670
1765305154.0467448,23,325,154
1765305154.0969093,9,625,587
1765305154.0969093,1,591,417
1765305154.0969093,27,318,226
1765305154.0969093,2,282,484
1765305154.0969093,22,499,470
1765305154.0969093,12,533,449
1765305154.0969093,5,407,224
1765305154.0969093,39,428,439
1765305154.0969093,4,352,493
1765305154.0969093,7,684,534
1765305154.0969093,8,396,519
1765305154.0969093,10,324,181
1765305154.0969093,16,1051,671
1765305154.0969093,23,325,154
1765305154.1487663,9,623,587
1765305154.1487663,1,592,418
1765305154.1487663,2,282,484
1765305154.1487663,27,318,225
1765305154.1487663,22,503,472
1765305154.1487663,12,536,449
1765305154.1487663,5,400,224
1765305154.1487663,4,352,492
1765305154.1487663,39,428,440
1765305154.1487663,7,684,534
1765305154.1487663,10,324,182
1765305154.1487663,3,349,338
1765305154.1487663,8,399,520
1765305154.1487663,45,700,172
1765305154.1487663,23,325,154
1765305154.1487663,16,1049,671
1765305154.1976142,9,621,587
1765305154.1976142,1,595,420
1765305154.1976142,22,507,472
1765305154.1976142,2,282,485
1765305154.1976142,5,406,226
1765305154.1976142,27,319,225
1765305154.1976142,8,410,520
1765305154.1976142,4,351,492
1765305154.1976142,12,540,448
1765305154.1976142,7,686,533
1765305154.1976142,39,428,442
1765305154.1976142,10,325,181
1765305154.1976142,23,325,153
1765305154.1976142,16,1052,672
1765305154.1976142,45,704,167
1765305154.2459154,9,621,587
1765305154.2459154,1,598,420
1765305154.2459154,22,512,473
1765305154.2459154,2,282,485
1765305154.2459154,8,419,518
1765305154.2459154,5,408,226
1765305154.2459154,4,352,492
1765305154.2459154,7,687,534
1765305154.2459154,27,316,221
1765305154.2459154,12,542,446
1765305154.2459154,42,365,332
1765305154.2459154,39,429,444
1765305154.2459154,10,324,181
1765305154.2459154,23,325,154
1765305154.2459154,16,1052,673
1765305154.287895,9,621,587
1765305154.287895,1,600,421
1765305154.287895,8,421,519
1765305154.287895,22,515,473
1765305154.287895,2,282,485
1765305154.287895,4,352,492
1765305154.287895,27,318,221
1765305154.287895,5,408,226
1765305154.287895,7,686,534
1765305154.287895,12,547,445
1765305154.287895,10,325,182
1765305154.287895,42,363,339
1765305154.287895,39,430,446
1765305154.287895,23,325,154
1765305154.287895,16,1052,673
1765305154.335683,8,428,520
1765305154.335683,9,620,587
1765305154.335683,1,603,422
1765305154.335683,22,517,473
1765305154.335683,2,282,485
1765305154.335683,4,352,492
1765305154.335683,12,550,445
1765305154.335683,27,315,218
1765305154.335683,7,686,534
1765305154.335683,5,410,227
1765305154.335683,10,324,182
1765305154.335683,16,1051,672
1765305154.335683,42,364,337
1765305154.335683,39,433,449
1765305154.335683,23,325,154
1765305154.3853517,8,434,520
1765305154.3853517,9,620,587
1765305154.3853517,22,520,472
1765305154.3853517,1,604,422
1765305154.3853517,2,283,485
1765305154.3853517,12,553,443
1765305154.3853517,4,351,493
1765305154.3853517,27,318,216
1765305154.3853517,7,686,534
1765305154.3853517,5,409,228
1765305154.3853517,39,433,454
1765305154.3853517,10,324,180
1765305154.3853517,48,715,179
1765305154.3853517,16,1051,672
1765305154.3853517,23,325,153
1765305154.4469745,9,618,587
1765305154.4469745,8,439,519
1765305154.4469745,12,554,444
1765305154.4469745,22,524,472
1765305154.4469745,1,606,423
1765305154.4469745,2,283,485
1765305154.4469745,4,351,492
1765305154.4469745,39,436,458
1765305154.4469745,7,686,534
1765305154.4469745,27,315,212
1765305154.4469745,10,324,180
1765305154.4469745,42,356,349
1765305154.4469745,5,409,228
1765305154.4469745,48,717,180
1765305154.4469745,16,1055,674
1765305154.4469745,23,325,153
1765305154.4964952,8,443,520
1765305154.4964952,9,617,587
1765305154.4964952,22,529,471
1765305154.4964952,12,557,444
1765305154.4964952,2,283,484
1765305154.4964952,1,608,424
1765305154.4964952,4,350,492
1765305154.4964952,39,437,457
1765305154.4964952,7,686,535
1765305154.4964952,27,315,212
1765305154.4964952,10,324,180
1765305154.4964952,5,411,230
1765305154.4964952,48,717,183
1765305154.4964952,42,359,346
1765305154.4964952,23,325,152
1765305154.4964952,16,1054,674
1765305154.5522234,8,445,522
1765305154.5522234,9,617,587
1765305154.5522234,12,557,444
1765305154.5522234,22,534,471
1765305154.5522234,2,283,485
1765305154.5522234,4,350,492
1765305154.5522234,1,612,426
1765305154.5522234,39,437,457
1765305154.5522234,7,686,535
1765305154.5522234,27,315,210
1765305154.5522234,5,411,233
1765305154.5522234,50,329,379
1765305154.5522234,10,324,181
1765305154.5522234,42,363,341
1765305154.5522234,16,1051,669
1765305154.5522234,23,325,152
1765305154.6210618,8,453,522
1765305154.6210618,9,616,587
1765305154.6210618,1,614,426
1765305154.6210618,22,537,471
1765305154.6210618,12,558,441
1765305154.6210618,39,439,457
1765305154.6210618,2,284,485
1765305154.6210618,4,350,493
1765305154.6210618,7,686,535
1765305154.6210618,27,319,211
1765305154.6210618,42,361,349
1765305154.6210618,50,329,380
1765305154.6210618,10,325,181
1765305154.6210618,16,1053,672
1765305154.6210618,23,324,151
1765305154.6210618,5,415,237
1765305154.7193818,8,461,522
1765305154.7193818,1,617,427
1765305154.7193818,22,541,470
1765305154.7193818,9,615,588
1765305154.7193818,12,562,440
1765305154.7193818,39,440,458
1765305154.7193818,4,351,492
1765305154.7193818,2,284,485
1765305154.7193818,7,686,535
1765305154.7193818,27,315,206
1765305154.7193818,10,324,179
1765305154.7193818,42,356,352
1765305154.7193818,50,329,383
1765305154.7193818,16,1052,672
1765305154.7193818,23,324,151
1765305154.7193818,5,415,237
1765305154.8294206,8,464,521
1765305154.8294206,1,620,427
1765305154.8294206,9,613,588
1765305154.8294206,22,542,471
1765305154.8294206,39,441,459
1765305154.8294206,4,350,492
1765305154.8294206,2,284,485
1765305154.8294206,12,565,437
1765305154.8294206,7,686,535
1765305154.8294206,27,314,205
1765305154.8294206,5,412,238
1765305154.8294206,16,1051,672
1765305154.8294206,23,323,151
1765305154.8294206,50,332,378
1765305154.8294206,42,358,364
1765305154.9253335,8,469,522
1765305154.9253335,9,612,588
1765305154.9253335,22,544,470
1765305154.9253335,1,621,428
1765305154.9253335,2,284,485
1765305154.9253335,39,441,461
1765305154.9253335,4,350,493
1765305154.9253335,7,687,535
1765305154.9253335,12,569,434
1765305154.9253335,5,408,238
1765305154.9253335,27,312,203
1765305154.9253335,16,1051,671
1765305154.9253335,23,324,154
1765305154.9253335,10,325,175
1765305154.9253335,50,332,382
1765305154.9253335,42,353,369
1765305154.9887903,8,473,523
1765305154.9887903,9,611,588
1765305154.9887903,22,545,470
1765305154.9887903,1,624,429
1765305154.9887903,39,441,463
1765305154.9887903,2,284,485
1765305154.9887903,4,349,493
1765305154.9887903,5,408,239
1765305154.9887903,7,687,535
1765305154.9887903,12,572,433
1765305154.9887903,27,312,201
1765305154.9887903,23,325,160
1765305154.9887903,10,325,173
1765305154.9887903,16,1050,673
1765305154.9887903,50,333,385
1765305155.055264,8,477,524
1765305155.055264,22,549,469
1765305155.055264,9,611,588
1765305155.055264,1,626,429
1765305155.055264,39,441,465
1765305155.055264,4,350,493
1765305155.055264,5,409,240
1765305155.055264,2,284,485
1765305155.055264,7,688,535
1765305155.055264,12,576,431
1765305155.055264,27,312,199
1765305155.055264,23,326,162
1765305155.055264,10,326,173
1765305155.055264,16,1051,673
1765305155.055264,50,329,393
1765305155.1153567,9,610,588
1765305155.1153567,1,628,430
1765305155.1153567,22,552,468
1765305155.1153567,8,484,525
1765305155.1153567,39,442,468
1765305155.1153567,4,350,493
1765305155.1153567,2,286,485
1765305155.1153567,7,689,535
1765305155.1153567,12,578,428
1765305155.1153567,27,312,197
1765305155.1153567,5,407,242
1765305155.1153567,23,325,162
1765305155.1153567,50,329,395
1765305155.1153567,10,326,173
1765305155.1153567,16,1049,670
1765305155.175509,9,609,588
1765305155.175509,1,632,430
1765305155.175509,22,556,469
1765305155.175509,8,490,526
1765305155.175509,4,352,492
1765305155.175509,39,442,469
1765305155.175509,12,577,427
1765305155.175509,2,286,486
1765305155.175509,7,689,533
1765305155.175509,5,405,246
1765305155.175509,27,308,191
1765305155.175509,42,348,385
1765305155.175509,10,330,176
1765305155.175509,16,1051,670
1765305155.175509,23,325,157
1765305155.175509,50,333,395
1765305155.2354445,9,608,588
1765305155.2354445,1,633,431
1765305155.2354445,8,496,528
1765305155.2354445,12,579,426
1765305155.2354445,4,352,493
1765305155.2354445,39,442,469
1765305155.2354445,22,559,467
1765305155.2354445,2,286,486
1765305155.2354445,7,689,533
1765305155.2354445,5,408,247
1765305155.2354445,27,310,189
1765305155.2354445,54,338,417
1765305155.2354445,53,357,383
1765305155.2354445,50,328,394
1765305155.2354445,23,326,163
1765305155.2354445,10,328,175
1765305155.2354445,16,1050,670
1765305155.2354445,42,345,400
1765305155.2851574,9,608,588
1765305155.2851574,1,635,431
1765305155.2851574,8,499,528
1765305155.2851574,4,352,492
1765305155.2851574,39,442,470
1765305155.2851574,22,560,468
1765305155.2851574,12,580,425
1765305155.2851574,2,287,485
1765305155.2851574,7,688,534
1765305155.2851574,5,411,248
1765305155.2851574,27,312,188
1765305155.2851574,54,340,414
1765305155.2851574,53,355,393
1765305155.2851574,42,345,403
1765305155.2851574,10,323,177
1765305155.2851574,16,1051,672
1765305155.337697,1,637,432
1765305155.337697,9,606,588
1765305155.337697,8,501,529
1765305155.337697,39,443,471
1765305155.337697,22,563,467
1765305155.337697,12,584,423
1765305155.337697,4,352,492
1765305155.337697,2,289,486
1765305155.337697,7,689,534
1765305155.337697,27,312,187
1765305155.337697,5,411,248
1765305155.337697,42,345,410
1765305155.337697,55,434,541
1765305155.337697,23,326,161
1765305155.337697,50,329,390
1765305155.337697,16,1052,672
1765305155.337697,10,313,175
1765305155.385092,1,638,433
1765305155.385092,9,606,588
1765305155.385092,22,566,465
1765305155.385092,39,443,471
1765305155.385092,12,585,420
1765305155.385092,8,509,531
1765305155.385092,4,352,492
1765305155.385092,2,288,486
1765305155.385092,7,688,534
1765305155.385092,27,310,185
1765305155.385092,5,410,248
1765305155.385092,42,345,413
1765305155.385092,23,326,161
1765305155.385092,50,329,388
1765305155.385092,16,1051,670
1765305155.385092,53,358,401
1765305155.385092,10,314,172
1765305155.385092,55,434,541
1765305155.4352713,9,605,588
1765305155.4352713,22,569,462
1765305155.4352713,1,641,433
1765305155.4352713,12,586,418
1765305155.4352713,39,443,472
1765305155.4352713,8,514,533
1765305155.4352713,2,289,486
1765305155.4352713,4,351,492
1765305155.4352713,7,688,535
1765305155.4352713,5,404,256
1765305155.4352713,50,329,390
1765305155.4352713,27,311,183
1765305155.4352713,53,358,408
1765305155.4352713,23,325,157
1765305155.4352713,42,349,413
1765305155.4352713,16,1048,671
1765305155.481817,9,604,588
1765305155.481817,22,571,463
1765305155.481817,12,588,417
1765305155.481817,1,645,433
1765305155.481817,39,443,475
1765305155.481817,8,519,533
1765305155.481817,2,288,486
1765305155.481817,4,351,492
1765305155.481817,7,689,535
1765305155.481817,5,403,260
1765305155.481817,27,311,182
1765305155.481817,54,341,416
1765305155.481817,50,328,391
1765305155.481817,56,364,263
1765305155.481817,42,351,414
1765305155.481817,23,325,160
1765305155.481817,53,358,409
1765305155.481817,16,1052,672
1765305155.5300574,22,573,463
1765305155.5300574,9,603,588
1765305155.5300574,12,589,416
1765305155.5300574,39,443,476
1765305155.5300574,1,645,434
1765305155.5300574,8,522,534
1765305155.5300574,2,288,485
1765305155.5300574,7,689,535
1765305155.5300574,4,351,492
1765305155.5300574,5,403,263
1765305155.5300574,50,330,391
1765305155.5300574,27,309,180
1765305155.5300574,53,356,413
1765305155.5300574,42,344,418
1765305155.5300574,56,365,261
1765305155.5300574,57,585,423
1765305155.5300574,16,1049,671
1765305155.5300574,23,324,159
1765305155.5783777,22,574,461
1765305155.5783777,9,602,588
1765305155.5783777,12,589,416
1765305155.5783777,8,525,535
1765305155.5783777,39,443,476
1765305155.5783777,1,646,435
1765305155.5783777,2,288,486
1765305155.5783777,4,349,494
1765305155.5783777,7,689,533
1765305155.5783777,50,329,394
1765305155.5783777,5,404,264
1765305155.5783777,27,310,179
1765305155.5783777,58,336,429
1765305155.5783777,53,355,418
1765305155.5783777,56,370,262
1765305155.5783777,42,344,424
1765305155.5783777,57,586,421
1765305155.5783777,16,1053,672
1765305155.5783777,23,323,165
1765305155.6252105,22,575,460
1765305155.6252105,9,602,588
1765305155.6252105,12,591,414
1765305155.6252105,1,649,435
1765305155.6252105,39,443,476
1765305155.6252105,8,527,536
1765305155.6252105,2,288,486
1765305155.6252105,4,349,494
1765305155.6252105,50,330,392
1765305155.6252105,7,689,534
1765305155.6252105,27,312,177
1765305155.6252105,53,359,416
1765305155.6252105,5,405,265
1765305155.6252105,58,328,433
1765305155.6252105,56,374,263
1765305155.6252105,16,1057,672
1765305155.6252105,57,585,422
1765305155.6252105,42,350,429
1765305155.6771688,9,601,588
1765305155.6771688,22,579,459
1765305155.6771688,1,650,436
1765305155.6771688,39,442,478
1765305155.6771688,8,533,538
1765305155.6771688,12,592,413
1765305155.6771688,2,288,486
1765305155.6771688,4,349,493
1765305155.6771688,7,689,533
1765305155.6771688,53,359,418
1765305155.6771688,50,332,391
1765305155.6771688,42,359,425
1765305155.6771688,27,312,177
1765305155.6771688,58,326,439
1765305155.6771688,5,405,268
1765305155.6771688,56,375,264
1765305155.6771688,16,1053,670
1765305155.7181933,22,580,459
1765305155.7181933,9,601,588
1765305155.7181933,1,652,437
1765305155.7181933,39,443,477
1765305155.7181933,8,537,538
1765305155.7181933,12,594,412
1765305155.7181933,2,287,486
1765305155.7181933,4,349,493
1765305155.7181933,50,331,392
1765305155.7181933,7,689,534
1765305155.7181933,27,312,178
1765305155.7181933,42,353,431
1765305155.7181933,16,1050,667
1765305155.7181933,5,402,275
1765305155.7181933,54,339,433
1765305155.7181933,56,377,264
1765305155.765966,22,581,458
1765305155.765966,9,601,588
1765305155.765966,39,441,479
1765305155.765966,1,652,437
1765305155.765966,8,540,539
1765305155.765966,12,596,412
1765305155.765966,2,287,486
1765305155.765966,4,350,492
1765305155.765966,7,689,533
1765305155.765966,50,331,393
1765305155.765966,27,310,176
1765305155.765966,42,354,434
1765305155.765966,5,400,278
1765305155.765966,54,338,435
1765305155.765966,59,363,435
1765305155.765966,57,588,415
1765305155.765966,56,378,268
1765305155.765966,16,1057,672
1765305155.815409,22,587,456
1765305155.815409,9,600,587
1765305155.815409,1,655,437
1765305155.815409,39,441,479
1765305155.815409,8,542,540
1765305155.815409,12,597,410
1765305155.815409,2,287,487
1765305155.815409,4,350,491
1765305155.815409,7,689,533
1765305155.815409,50,332,394
1765305155.815409,5,399,282
1765305155.815409,27,309,175
1765305155.815409,42,357,437
1765305155.815409,54,331,440
1765305155.815409,56,375,268
1765305155.815409,57,591,412
1765305155.815409,16,1057,671
1765305155.8574874,22,587,456
1765305155.8574874,9,600,587
1765305155.8574874,39,441,479
1765305155.8574874,1,657,439
1765305155.8574874,8,544,541
1765305155.8574874,12,598,408
1765305155.8574874,2,287,487
1765305155.8574874,50,332,393
1765305155.8574874,4,350,491
1765305155.8574874,7,689,533
1765305155.8574874,42,348,438
1765305155.8574874,5,400,284
1765305155.8574874,27,311,176
1765305155.8574874,56,373,270
1765305155.8574874,60,325,142
1765305155.8574874,59,360,440
1765305155.8574874,54,332,440
1765305155.8574874,16,1059,672
1765305155.8574874,57,593,411
1765305155.9058201,9,600,587
1765305155.9058201,22,589,454
1765305155.9058201,8,548,544
1765305155.9058201,1,658,441
1765305155.9058201,39,442,480
1765305155.9058201,12,599,405
1765305155.9058201,2,288,484
1765305155.9058201,50,333,394
1765305155.9058201,4,350,492
1765305155.9058201,7,690,535
1765305155.9058201,42,353,441
1765305155.9058201,5,400,284
1765305155.9058201,60,325,139
1765305155.9058201,56,372,267
1765305155.9058201,27,309,170
1765305155.9058201,59,362,442
1765305155.9058201,16,1051,670
1765305155.9058201,54,332,441
1765305155.9610205,9,600,587
1765305155.9610205,22,591,454
1765305155.9610205,12,599,406
1765305155.9610205,1,660,442
1765305155.9610205,8,550,544
1765305155.9610205,39,442,479
1765305155.9610205,2,288,484
1765305155.9610205,7,690,535
1765305155.9610205,50,334,395
1765305155.9610205,4,350,492
1765305155.9610205,42,354,441
1765305155.9610205,27,309,170
1765305155.9610205,60,326,139
1765305155.9610205,5,395,287
1765305155.9610205,16,1052,668
1765305155.9610205,59,362,441
1765305155.9610205,56,371,268
1765305155.9610205,54,331,440
1765305156.010037,9,599,587
1765305156.010037,22,592,453
1765305156.010037,1,663,443
1765305156.010037,12,599,405
1765305156.010037,8,552,545
1765305156.010037,39,442,478
1765305156.010037,2,288,485
1765305156.010037,7,690,535
1765305156.010037,4,350,492
1765305156.010037,5,394,294
1765305156.010037,50,333,401
1765305156.010037,42,355,444
1765305156.010037,27,309,164
1765305156.010037,54,330,443
1765305156.010037,56,373,269
1765305156.010037,60,325,139
1765305156.010037,16,1052,669
1765305156.0581276,9,598,587
1765305156.0581276,22,593,452
1765305156.0581276,1,663,443
1765305156.0581276,12,598,405
1765305156.0581276,8,554,547
1765305156.0581276,39,439,478
1765305156.0581276,7,690,535
1765305156.0581276,2,288,485
1765305156.0581276,4,350,492
1765305156.0581276,50,332,404
1765305156.0581276,42,355,446
1765305156.0581276,5,394,293
1765305156.0581276,27,308,161
1765305156.0581276,54,330,443
1765305156.0581276,56,373,267
1765305156.0581276,16,1051,670
1765305156.0581276,60,325,140
1765305156.1098044,9,597,587
1765305156.1098044,1,666,444
1765305156.1098044,22,593,450
1765305156.1098044,8,556,549
1765305156.1098044,5,391,301
1765305156.1098044,39,438,478
1765305156.1098044,7,690,537
1765305156.1098044,2,288,485
1765305156.1098044,4,350,491
1765305156.1098044,42,357,448
1765305156.1098044,50,331,404
1765305156.1098044,27,307,160
1765305156.1098044,54,328,441
1765305156.1098044,56,374,272
1765305156.1098044,16,1051,669
1765305156.1098044,60,325,139
1765305156.1669073,9,596,587
1765305156.1669073,12,599,403
1765305156.1669073,1,668,444
1765305156.1669073,22,592,449
1765305156.1669073,39,437,479
1765305156.1669073,5,391,304
1765305156.1669073,7,690,537
1765305156.1669073,8,558,548
1765305156.1669073,2,289,485
1765305156.1669073,42,357,447
1765305156.1669073,4,350,491
1765305156.1669073,50,332,408
1765305156.1669073,27,309,161
1765305156.1669073,54,330,441
1765305156.1669073,56,373,272
1765305156.1669073,16,1051,669
1765305156.2181509,9,596,588
1765305156.2181509,1,670,444
1765305156.2181509,12,598,400
1765305156.2181509,5,391,305
1765305156.2181509,22,593,448
1765305156.2181509,39,434,478
1765305156.2181509,7,690,537
1765305156.2181509,2,290,486
1765305156.2181509,4,350,492
1765305156.2181509,42,356,448
1765305156.2181509,8,560,550
1765305156.2181509,27,309,159
1765305156.2181509,50,334,409
1765305156.2181509,54,331,439
1765305156.2181509,56,372,272
1765305156.2181509,16,1050,669
1765305156.2756655,9,596,588
1765305156.2756655,1,671,445
1765305156.2756655,5,390,308
1765305156.2756655,12,600,398
1765305156.2756655,22,593,446
1765305156.2756655,7,690,537
1765305156.2756655,39,432,478
1765305156.2756655,42,355,450
1765305156.2756655,2,289,486
1765305156.2756655,27,312,159
1765305156.2756655,4,350,491
1765305156.2756655,8,560,551
1765305156.2756655,50,334,410
1765305156.2756655,54,331,437
1765305156.2756655,56,374,279
1765305156.2756655,16,1049,668
1765305156.3253145,9,595,588
1765305156.3253145,22,595,444
1765305156.3253145,1,671,446
1765305156.3253145,12,599,395
1765305156.3253145,5,390,312
1765305156.3253145,42,353,452
1765305156.3253145,2,290,486
1765305156.3253145,7,690,535
1765305156.3253145,39,432,477
1765305156.3253145,4,350,490
1765305156.3253145,8,561,551
1765305156.3253145,50,334,408
1765305156.3253145,56,372,285
1765305156.3253145,54,330,435
1765305156.3253145,27,312,159
1765305156.3253145,16,1050,670
1765305156.3753579,9,595,588
1765305156.3753579,22,596,443
1765305156.3753579,1,672,447
1765305156.3753579,12,601,394
1765305156.3753579,5,388,313
1765305156.3753579,42,352,453
1765305156.3753579,2,290,486
1765305156.3753579,7,689,535
1765305156.3753579,39,433,476
1765305156.3753579,50,336,408
1765305156.3753579,4,350,490
1765305156.3753579,8,563,552
1765305156.3753579,54,331,435
1765305156.3753579,56,372,285
1765305156.3753579,27,312,160
1765305156.3753579,68,356,144
1765305156.3753579,16,1050,670
1765305156.4262118,9,594,587
1765305156.4262118,1,674,448
1765305156.4262118,22,597,443
1765305156.4262118,42,351,453
1765305156.4262118,39,429,476
1765305156.4262118,50,337,408
1765305156.4262118,5,388,316
1765305156.4262118,12,600,392
1765305156.4262118,7,691,535
1765305156.4262118,2,290,486
1765305156.4262118,4,350,491
1765305156.4262118,56,372,285
1765305156.4262118,8,565,553
1765305156.4262118,54,331,434
1765305156.4262118,27,311,158
1765305156.4262118,68,352,140
1765305156.4262118,16,1049,669
1765305156.4753306,1,675,448
1765305156.4753306,22,598,442
1765305156.4753306,9,592,587
1765305156.4753306,42,353,453
1765305156.4753306,5,384,319
1765305156.4753306,2,290,486
1765305156.4753306,50,337,406
1765305156.4753306,39,430,475
1765305156.4753306,7,690,534
1765305156.4753306,4,350,490
1765305156.4753306,12,600,391
1765305156.4753306,8,566,555
1765305156.4753306,54,331,434
1765305156.4753306,56,373,286
1765305156.4753306,27,311,157
1765305156.4753306,68,354,140
1765305156.4753306,16,1050,668
1765305156.5232077,22,599,440
1765305156.5232077,1,677,449
1765305156.5232077,9,588,587
1765305156.5232077,42,354,453
1765305156.5232077,5,381,320
1765305156.5232077,39,430,473
1765305156.5232077,2,292,486
1765305156.5232077,12,600,389
1765305156.5232077,7,690,534
1765305156.5232077,4,349,490
1765305156.5232077,50,336,408
1765305156.5232077,8,565,556
1765305156.5232077,27,312,163
1765305156.5232077,54,331,435
1765305156.5232077,68,356,145
1765305156.5232077,56,372,287
1765305156.5232077,16,1050,669
1765305156.5713239,22,600,439
1765305156.5713239,9,588,587
1765305156.5713239,1,680,449
1765305156.5713239,42,352,455
1765305156.5713239,5,381,321
1765305156.5713239,8,566,555
1765305156.5713239,2,292,487
1765305156.5713239,39,428,471
1765305156.5713239,4,349,490
1765305156.5713239,12,601,390
1765305156.5713239,7,690,534
1765305156.5713239,50,335,409
1765305156.5713239,54,330,435
1765305156.5713239,56,370,290
1765305156.5713239,27,312,164
1765305156.5713239,16,1050,669
1765305156.5713239,68,354,143
1765305156.6250844,9,587,588
1765305156.6250844,22,602,437
1765305156.6250844,1,681,450
1765305156.6250844,8,568,558
1765305156.6250844,42,351,455
1765305156.6250844,39,428,470
1765305156.6250844,12,600,389
1765305156.6250844,2,295,489
1765305156.6250844,4,349,491
1765305156.6250844,7,690,536
1765305156.6250844,50,336,412
1765305156.6250844,5,378,328
1765305156.6250844,27,312,159
1765305156.6250844,56,372,290
1765305156.6250844,54,330,436
1765305156.6250844,68,349,140
1765305156.6250844,16,1050,670
1765305156.6894531,1,683,451
1765305156.6894531,8,570,559
1765305156.6894531,9,584,589
1765305156.6894531,22,603,434
1765305156.6894531,39,431,469
1765305156.6894531,42,348,455
1765305156.6894531,5,374,331
1765305156.6894531,2,292,487
1765305156.6894531,12,599,390
1765305156.6894531,4,347,492
1765305156.6894531,7,691,536
1765305156.6894531,27,305,146
1765305156.6894531,50,339,412
1765305156.6894531,56,370,298
1765305156.6894531,16,1052,669
1765305156.6894531,54,327,433
1765305156.6894531,68,347,136
1765305156.773609,1,684,451
1765305156.773609,9,582,589
1765305156.773609,8,572,560
1765305156.773609,22,604,431
1765305156.773609,39,431,468
1765305156.773609,42,347,454
1765305156.773609,5,374,331
1765305156.773609,2,292,487
1765305156.773609,27,306,145
1765305156.773609,7,691,536
1765305156.773609,4,347,491
1765305156.773609,12,599,390
1765305156.773609,50,339,412
1765305156.773609,16,1051,668
1765305156.773609,54,326,434
1765305156.773609,56,363,302
1765305156.773609,68,346,135
1765305156.8169725,1,687,452
1765305156.8169725,9,579,587
1765305156.8169725,8,573,560
1765305156.8169725,22,604,430
1765305156.8169725,42,347,455
1765305156.8169725,39,435,467
1765305156.8169725,27,307,145
1765305156.8169725,5,374,331
1765305156.8169725,2,293,488
1765305156.8169725,4,347,492
1765305156.8169725,7,690,536
1765305156.8169725,12,599,389
1765305156.8169725,50,339,412
1765305156.8169725,16,1050,670
1765305156.8169725,56,367,307
1765305156.8169725,54,333,433
1765305156.8169725,68,346,137
1765305156.8719032,1,688,452
1765305156.8719032,9,572,587
1765305156.8719032,22,605,428
1765305156.8719032,5,374,335
1765305156.8719032,42,346,455
1765305156.8719032,27,309,145
1765305156.8719032,8,569,561
1765305156.8719032,7,690,537
1765305156.8719032,39,430,465
1765305156.8719032,2,296,487
1765305156.8719032,4,348,491
1765305156.8719032,12,597,389
1765305156.8719032,50,334,416
1765305156.8719032,56,365,303
1765305156.8719032,16,1049,670
1765305156.9214697,9,566,586
1765305156.9214697,1,689,452
1765305156.9214697,22,605,426
1765305156.9214697,7,690,536
1765305156.9214697,8,570,561
1765305156.9214697,42,346,454
1765305156.9214697,2,295,487
1765305156.9214697,27,310,144
1765305156.9214697,4,348,491
1765305156.9214697,5,373,337
1765305156.9214697,12,601,384
1765305156.9214697,39,428,463
1765305156.9214697,56,363,303
1765305156.9214697,50,331,417
1765305156.9214697,73,434,464
1765305156.9214697,16,1051,669
1765305156.9214697,74,330,424
1765305156.971478,1,691,453
1765305156.971478,9,558,584
1765305156.971478,22,608,422
1765305156.971478,27,310,143
1765305156.971478,42,347,454
1765305156.971478,2,295,488
1765305156.971478,7,690,537
1765305156.971478,8,569,562
1765305156.971478,4,348,491
1765305156.971478,12,600,382
1765305156.971478,73,434,463
1765305156.971478,5,367,340
1765305156.971478,16,1050,668
1765305156.971478,56,365,306
1765305156.971478,76,336,178
1765305156.971478,50,331,418
1765305156.971478,74,331,424
1765305157.0190787,1,692,454
1765305157.0190787,9,550,584
1765305157.0190787,22,609,422
1765305157.0190787,42,350,455
1765305157.0190787,27,311,143
1765305157.0190787,12,600,380
1765305157.0190787,8,571,562
1765305157.0190787,2,295,488
1765305157.0190787,7,690,537
1765305157.0190787,4,349,490
1765305157.0190787,39,429,460
1765305157.0190787,74,331,420
1765305157.0190787,5,366,344
1765305157.0190787,16,1051,668
1765305157.0190787,76,337,178
1765305157.0190787,73,436,462
1765305157.0190787,56,363,304
1765305157.0190787,50,337,424
1765305157.0783465,9,546,583
1765305157.0783465,1,693,454
1765305157.0783465,22,610,421
1765305157.0783465,12,600,378
1765305157.0783465,42,350,455
1765305157.0783465,4,349,491
1765305157.0783465,39,432,459
1765305157.0783465,2,295,488
1765305157.0783465,7,690,537
1765305157.0783465,27,311,144
1765305157.0783465,5,370,347
1765305157.0783465,74,331,421
1765305157.0783465,8,572,566
1765305157.0783465,76,336,179
1765305157.0783465,16,1051,671
1765305157.0783465,56,365,314
1765305157.0783465,73,433,462
1765305157.1408975,9,536,581
1765305157.1408975,22,611,418
1765305157.1408975,1,695,455
1765305157.1408975,12,599,376
1765305157.1408975,27,309,141
1765305157.1408975,4,351,491
1765305157.1408975,39,433,459
1765305157.1408975,2,295,487
1765305157.1408975,7,690,536
1765305157.1408975,42,349,454
1765305157.1408975,76,338,179
1765305157.1408975,5,369,349
1765305157.1408975,8,572,565
1765305157.1408975,16,1049,670
1765305157.1408975,74,331,422
1765305157.1408975,56,366,310
1765305157.1408975,73,438,460
1765305157.2034967,22,614,414
1765305157.2034967,1,698,456
1765305157.2034967,9,530,579
1765305157.2034967,12,599,375
1765305157.2034967,27,310,141
1765305157.2034967,7,690,538
1765305157.2034967,4,351,491
1765305157.2034967,39,433,457
1765305157.2034967,2,295,487
1765305157.2034967,76,338,180
1765305157.2034967,5,369,352
1765305157.2034967,74,322,419
1765305157.2034967,42,354,455
1765305157.2034967,16,1049,669
1765305157.2034967,80,324,204
1765305157.2034967,56,365,316
1765305157.2674205,1,700,457
1765305157.2674205,22,615,411
1765305157.2674205,12,599,375
1765305157.2674205,27,312,141
1765305157.2674205,9,523,578
1765305157.2674205,76,340,180
1765305157.2674205,7,690,538
1765305157.2674205,39,433,457
1765305157.2674205,4,351,491
1765305157.2674205,2,295,487
1765305157.2674205,5,370,358
1765305157.2674205,74,325,419
1765305157.2674205,82,328,446
1765305157.2674205,42,356,456
1765305157.2674205,81,350,422
1765305157.2674205,16,1052,671
1765305157.2674205,80,324,203
1765305157.2674205,56,364,313
1765305157.3166733,1,702,457
1765305157.3166733,22,617,408
1765305157.3166733,9,523,576
1765305157.3166733,12,598,374
1765305157.3166733,76,340,180
1765305157.3166733,27,311,141
1765305157.3166733,7,690,537
1765305157.3166733,4,351,491
1765305157.3166733,74,330,417
1765305157.3166733,2,295,488
1765305157.3166733,5,372,359
1765305157.3166733,82,330,446
1765305157.3166733,50,337,420
1765305157.3166733,16,1049,669
1765305157.3166733,80,324,204
1765305157.3166733,42,355,455
1765305157.3166733,39,438,455
1765305157.3166733,81,352,429
1765305157.3655255,1,703,458
1765305157.3655255,76,340,181
1765305157.3655255,9,505,572
1765305157.3655255,12,597,374
1765305157.3655255,22,618,407
1765305157.3655255,74,336,418
1765305157.3655255,7,690,537
1765305157.3655255,39,436,454
1765305157.3655255,2,295,488
1765305157.3655255,4,351,491
1765305157.3655255,27,311,141
1765305157.3655255,5,372,357
1765305157.3655255,82,329,449
1765305157.3655255,16,1049,668
1765305157.3655255,42,352,456
1765305157.415402,1,705,458
1765305157.415402,12,593,371
1765305157.415402,76,341,181
1765305157.415402,22,618,405
1765305157.415402,9,501,571
1765305157.415402,27,311,141
1765305157.415402,4,351,491
1765305157.415402,39,436,452
1765305157.415402,7,690,537
1765305157.415402,2,294,488
1765305157.415402,86,559,577
1765305157.415402,74,335,416
1765305157.415402,5,375,361
1765305157.415402,82,336,445
1765305157.415402,16,1051,669
1765305157.4883668,1,708,458
1765305157.4883668,12,592,371
1765305157.4883668,76,341,181
1765305157.4883668,22,617,404
1765305157.4883668,74,338,416
1765305157.4883668,27,311,141
1765305157.4883668,9,486,571
1765305157.4883668,86,555,577
1765305157.4883668,39,437,452
1765305157.4883668,4,351,491
1765305157.4883668,7,689,538
1765305157.4883668,2,295,488
1765305157.4883668,82,338,445
1765305157.4883668,5,375,365
1765305157.4883668,16,1052,670
1765305157.5454206,86,555,578
1765305157.5454206,1,709,459
1765305157.5454206,76,340,183
1765305157.5454206,9,484,568
1765305157.5454206,4,352,491
1765305157.5454206,22,618,402
1765305157.5454206,12,592,371
1765305157.5454206,39,439,453
1765305157.5454206,82,340,442
1765305157.5454206,2,296,488
1765305157.5454206,74,334,409
1765305157.5454206,27,309,141
1765305157.5454206,5,370,375
1765305157.5454206,7,688,536
1765305157.5454206,16,1052,668
1765305157.609524,86,550,577
1765305157.609524,1,710,459
1765305157.609524,9,481,566
1765305157.609524,4,352,492
1765305157.609524,76,342,183
1765305157.609524,22,618,401
1765305157.609524,12,591,370
1765305157.609524,39,440,451
1765305157.609524,82,342,441
1765305157.609524,2,296,488
1765305157.609524,7,689,538
1765305157.609524,5,368,375
1765305157.609524,42,346,451
1765305157.609524,27,310,140
1765305157.609524,90,335,368
1765305157.609524,16,1054,668
1765305157.609524,74,332,408
1765305157.65521,86,549,578
1765305157.65521,1,712,460
1765305157.65521,22,618,400
1765305157.65521,76,342,182
1765305157.65521,4,352,492
1765305157.65521,9,478,565
1765305157.65521,12,590,371
1765305157.65521,82,340,444
1765305157.65521,39,440,451
1765305157.65521,2,296,488
1765305157.65521,7,688,538
1765305157.65521,27,314,142
1765305157.65521,5,369,376
1765305157.65521,16,1053,669
1765305157.65521,42,341,451
1765305157.65521,90,334,370
1765305157.65521,74,332,407
1765305157.7063715,86,545,577
1765305157.7063715,1,713,461
1765305157.7063715,22,619,398
1765305157.7063715,4,351,492
1765305157.7063715,76,342,181
1765305157.7063715,12,588,370
1765305157.7063715,42,338,448
1765305157.7063715,39,442,449
1765305157.7063715,2,295,488
1765305157.7063715,9,468,564
1765305157.7063715,7,688,538
1765305157.7063715,27,314,142
1765305157.7063715,90,336,374
1765305157.7063715,5,369,382
1765305157.7063715,16,1052,668
1765305157.7063715,74,339,404
1765305157.7603438,1,714,461
1765305157.7603438,86,541,576
1765305157.7603438,22,620,398
1765305157.7603438,76,343,182
1765305157.7603438,12,583,368
1765305157.7603438,4,351,492
1765305157.7603438,42,338,452
1765305157.7603438,39,444,448
1765305157.7603438,9,466,562
1765305157.7603438,2,295,488
1765305157.7603438,7,691,539
1765305157.7603438,27,319,140
1765305157.7603438,96,396,368
1765305157.7603438,5,366,384
1765305157.7603438,95,369,380
1765305157.7603438,90,336,380
1765305157.7603438,16,1051,670
1765305157.815339,86,540,577
1765305157.815339,1,717,462
1765305157.815339,22,621,397
1765305157.815339,4,350,493
1765305157.815339,12,581,366
1765305157.815339,39,445,447
1765305157.815339,9,462,562
1765305157.815339,76,344,179
1765305157.815339,42,338,452
1765305157.815339,2,295,488
1765305157.815339,7,688,538
1765305157.815339,27,319,140
1765305157.815339,96,399,376
1765305157.815339,90,337,385
1765305157.815339,5,367,384
1765305157.815339,16,1049,671
1765305157.8704534,86,540,576
1765305157.8704534,22,623,392
1765305157.8704534,1,718,463
1765305157.8704534,12,579,368
1765305157.8704534,76,343,183
1765305157.8704534,39,445,447
1765305157.8704534,9,457,561
1765305157.8704534,42,338,453
1765305157.8704534,4,350,494
1765305157.8704534,2,298,489
1765305157.8704534,7,688,538
1765305157.8704534,96,405,379
1765305157.8704534,27,321,139
1765305157.8704534,90,340,393
1765305157.8704534,16,1046,668
1765305157.8704534,5,368,389
1765305157.9198961,86,540,575
1765305157.9198961,22,623,392
1765305157.9198961,1,720,463
1765305157.9198961,12,578,369
1765305157.9198961,39,447,447
1765305157.9198961,4,350,495
1765305157.9198961,76,343,182
1765305157.9198961,2,295,487
1765305157.9198961,42,338,454
1765305157.9198961,96,406,381
1765305157.9198961,7,689,538
1765305157.9198961,27,321,139
1765305157.9198961,90,338,395
1765305157.9198961,95,370,387
1765305157.9198961,16,1050,669
1765305157.9783762,86,540,574
1765305157.9783762,1,722,463
1765305157.9783762,22,623,391
1765305157.9783762,39,449,445
1765305157.9783762,4,350,494
1765305157.9783762,76,340,182
1765305157.9783762,12,575,368
1765305157.9783762,27,318,139
1765305157.9783762,2,293,486
1765305157.9783762,42,337,458
1765305157.9783762,96,404,386
1765305157.9783762,7,688,537
1765305157.9783762,90,337,388
1765305157.9783762,5,367,399
1765305157.9783762,16,1052,669
1765305158.0305333,39,450,443
1765305158.0305333,86,540,573
1765305158.0305333,1,723,464
1765305158.0305333,4,350,494
1765305158.0305333,22,623,389
1765305158.0305333,12,566,366
1765305158.0305333,27,318,139
1765305158.0305333,76,340,182
1765305158.0305333,96,403,388
1765305158.0305333,2,294,485
1765305158.0305333,42,337,459
1765305158.0305333,7,687,537
1765305158.0305333,90,339,385
1765305158.0305333,5,365,401
1765305158.0305333,16,1052,669
1765305158.0814395,39,451,442
1765305158.0814395,86,540,574
1765305158.0814395,1,725,465
1765305158.0814395,12,565,365
1765305158.0814395,4,348,494
1765305158.0814395,22,624,388
1765305158.0814395,2,294,486
1765305158.0814395,96,409,393
1765305158.0814395,76,342,182
1765305158.0814395,27,319,139
1765305158.0814395,42,337,459
1765305158.0814395,90,339,387
1765305158.0814395,7,687,538
1765305158.0814395,50,338,433
1765305158.0814395,95,369,395
1765305158.0814395,16,1051,668
1765305158.1304421,39,454,438
1765305158.1304421,86,540,573
1765305158.1304421,1,726,465
1765305158.1304421,12,561,364
1765305158.1304421,4,348,494
1765305158.1304421,96,408,395
1765305158.1304421,9,446,556
1765305158.1304421,2,294,485
1765305158.1304421,22,624,388
1765305158.1304421,90,338,385
1765305158.1304421,42,336,460
1765305158.1304421,76,342,181
1765305158.1304421,27,320,140
1765305158.1304421,7,688,538
1765305158.1304421,16,1052,668
1765305158.1304421,50,340,433
1765305158.1775236,1,727,466
1765305158.1775236,39,454,437
1765305158.1775236,86,540,573
1765305158.1775236,4,349,493
1765305158.1775236,96,410,400
1765305158.1775236,9,444,554
1765305158.1775236,12,559,363
1765305158.1775236,90,338,385
1765305158.1775236,2,298,488
1765305158.1775236,22,624,387
1765305158.1775236,42,340,461
1765305158.1775236,76,343,184
1765305158.1775236,7,686,535
1765305158.1775236,16,1052,668
1765305158.1775236,27,317,139
1765305158.1775236,95,372,396
1765305158.1775236,50,341,434
1765305158.231067,39,455,436
1765305158.231067,1,730,466
1765305158.231067,86,539,574
1765305158.231067,4,349,493
1765305158.231067,12,558,363
1765305158.231067,9,443,553
1765305158.231067,96,412,402
1765305158.231067,2,298,489
1765305158.231067,74,341,385
1765305158.231067,22,625,386
1765305158.231067,42,338,461
1765305158.231067,7,686,534
1765305158.231067,76,344,186
1765305158.231067,27,317,138
1765305158.231067,50,344,434
1765305158.231067,16,1052,670
1765305158.231067,95,371,394
1765305158.2801385,39,456,435
1765305158.2801385,86,539,574
1765305158.2801385,1,730,466
1765305158.2801385,4,349,494
1765305158.2801385,12,552,363
1765305158.2801385,9,442,552
1765305158.2801385,74,340,384
1765305158.2801385,2,297,488
1765305158.2801385,96,416,407
1765305158.2801385,22,630,386
1765305158.2801385,42,338,462
1765305158.2801385,7,686,534
1765305158.2801385,76,344,188
1765305158.2801385,27,315,137
1765305158.2801385,95,377,395
1765305158.2801385,16,1052,669
1765305158.2801385,50,347,434
1765305158.328886,4,349,493
1765305158.328886,39,460,435
1765305158.328886,86,538,575
1765305158.328886,1,732,466
1765305158.328886,9,441,552
1765305158.328886,74,341,381
1765305158.328886,95,376,395
1765305158.328886,12,551,361
1765305158.328886,2,292,487
1765305158.328886,42,341,462
1765305158.328886,7,688,535
1765305158.328886,22,629,386
1765305158.328886,16,1051,667
1765305158.328886,96,418,412
1765305158.328886,76,343,187
1765305158.328886,27,317,137
1765305158.328886,50,357,433
1765305158.328886,5,360,426
1765305158.3780565,4,349,492
1765305158.3780565,86,538,575
1765305158.3780565,1,733,466
1765305158.3780565,39,462,434
1765305158.3780565,9,440,553
1765305158.3780565,74,342,382
1765305158.3780565,95,377,396
1765305158.3780565,12,549,361
1765305158.3780565,2,292,487
1765305158.3780565,7,688,534
1765305158.3780565,22,629,386
1765305158.3780565,96,425,415
1765305158.3780565,42,341,462
1765305158.3780565,16,1052,669
1765305158.3780565,27,316,137
1765305158.3780565,76,343,187
1765305158.3780565,50,355,435
1765305158.3780565,5,363,430
1765305158.4354105,4,348,493
1765305158.4354105,86,538,575
1765305158.4354105,1,734,466
1765305158.4354105,39,465,433
1765305158.4354105,74,342,379
1765305158.4354105,95,376,397
1765305158.4354105,9,439,553
1765305158.4354105,12,544,360
1765305158.4354105,96,421,418
1765305158.4354105,2,293,488
1765305158.4354105,7,688,534
1765305158.4354105,22,629,386
1765305158.4354105,42,339,461
1765305158.4354105,16,1052,669
1765305158.4354105,50,361,433
1765305158.4354105,76,338,188
1765305158.4354105,27,316,137
1765305158.4354105,5,366,427
1765305158.4885483,86,537,575
1765305158.4885483,4,348,492
1765305158.4885483,1,735,466
1765305158.4885483,74,342,378
1765305158.4885483,9,440,553
1765305158.4885483,95,376,397
1765305158.4885483,39,469,432
1765305158.4885483,12,541,358
1765305158.4885483,2,291,489
1765305158.4885483,7,689,534
1765305158.4885483,22,632,384
1765305158.4885483,76,339,188
1765305158.4885483,96,423,419
1765305158.4885483,42,336,459
1765305158.4885483,16,1052,668
1765305158.4885483,50,361,433
1765305158.4885483,5,351,432
1765305158.4885483,27,316,137
1765305158.5376632,4,348,492
1765305158.5376632,1,737,466
1765305158.5376632,86,537,573
1765305158.5376632,74,341,375
1765305158.5376632,39,470,431
1765305158.5376632,9,439,555
1765305158.5376632,95,370,401
1765305158.5376632,12,539,358
1765305158.5376632,2,291,489
1765305158.5376632,7,689,534
1765305158.5376632,22,633,384
1765305158.5376632,96,426,422
1765305158.5376632,76,337,188
1765305158.5376632,42,337,459
1765305158.5376632,104,354,301
1765305158.5376632,50,363,434
1765305158.5376632,16,1051,669
1765305158.5376632,27,315,137
1765305158.5958886,4,349,492
1765305158.5958886,1,738,467
1765305158.5958886,74,341,373
1765305158.5958886,86,537,573
1765305158.5958886,39,475,429
1765305158.5958886,12,535,357
1765305158.5958886,9,438,555
1765305158.5958886,95,368,402
1765305158.5958886,96,431,425
1765305158.5958886,2,292,489
1765305158.5958886,22,633,384
1765305158.5958886,7,688,534
1765305158.5958886,76,336,190
1765305158.5958886,50,361,436
1765305158.5958886,27,312,137
1765305158.5958886,42,347,458
1765305158.5958886,16,1051,670
1765305158.5958886,104,358,305
1765305158.6487052,4,349,493
1765305158.6487052,1,740,468
1765305158.6487052,74,342,374
1765305158.6487052,86,538,573
1765305158.6487052,12,532,356
1765305158.6487052,9,438,555
1765305158.6487052,39,478,428
1765305158.6487052,96,432,427
1765305158.6487052,2,292,489
1765305158.6487052,95,368,405
1765305158.6487052,50,368,439
1765305158.6487052,76,336,192
1765305158.6487052,7,689,534
1765305158.6487052,22,635,384
1765305158.6487052,42,343,458
1765305158.6487052,27,313,137
1765305158.6487052,104,358,308
1765305158.6487052,16,1052,669
1765305158.6978164,4,348,493
1765305158.6978164,74,343,373
1765305158.6978164,1,742,468
1765305158.6978164,86,538,573
1765305158.6978164,9,435,555
1765305158.6978164,39,482,429
1765305158.6978164,12,533,356
1765305158.6978164,96,434,429
1765305158.6978164,2,292,490
1765305158.6978164,50,369,441
1765305158.6978164,95,365,405
1765305158.6978164,7,688,534
1765305158.6978164,27,313,138
1765305158.6978164,22,636,384
1765305158.6978164,42,343,456
1765305158.6978164,76,336,191
1765305158.6978164,104,360,309
1765305158.6978164,16,1051,669
1765305158.6978164,105,334,428
1765305158.7554934,4,348,493
1765305158.7554934,1,745,468
1765305158.7554934,86,538,573
1765305158.7554934,39,484,427
1765305158.7554934,12,530,355
1765305158.7554934,9,434,556
1765305158.7554934,74,341,371
1765305158.7554934,2,292,490
1765305158.7554934,95,363,406
1765305158.7554934,96,436,431
1765305158.7554934,27,312,139
1765305158.7554934,76,338,193
1765305158.7554934,7,688,533
1765305158.7554934,50,375,443
1765305158.7554934,22,638,384
1765305158.7554934,105,336,428
1765305158.7554934,16,1051,668
1765305158.7554934,42,340,457
1765305158.7554934,104,361,312
1765305158.8295405,4,348,493
1765305158.8295405,1,747,468
1765305158.8295405,12,529,355
1765305158.8295405,27,312,139
1765305158.8295405,86,539,573
1765305158.8295405,74,341,370
1765305158.8295405,9,432,556
1765305158.8295405,2,292,490
1765305158.8295405,50,381,446
1765305158.8295405,7,688,533
1765305158.8295405,95,362,406
1765305158.8295405,96,437,433
1765305158.8295405,39,486,426
1765305158.8295405,76,338,192
1765305158.8295405,22,639,385
1765305158.8295405,104,367,316
1765305158.8295405,42,333,455
1765305158.8295405,105,338,427
1765305158.8295405,16,1051,668
1765305158.8295405,106,305,172
1765305158.8987477,4,348,493
1765305158.8987477,12,522,354
1765305158.8987477,1,749,469
1765305158.8987477,74,340,369
1765305158.8987477,96,441,436
1765305158.8987477,9,431,555
1765305158.8987477,86,539,573
1765305158.8987477,50,386,450
1765305158.8987477,2,293,490
1765305158.8987477,27,312,140
1765305158.8987477,7,688,533
1765305158.8987477,22,641,385
1765305158.8987477,95,365,404
1765305158.8987477,104,368,318
1765305158.8987477,105,340,424
1765305158.8987477,39,491,424
1765305158.8987477,76,336,193
1765305158.8987477,16,1049,668
1765305158.8987477,106,305,172
1765305158.8987477,42,336,455
1765305159.0038755,4,348,493
1765305159.0038755,96,444,438
1765305159.0038755,1,749,469
1765305159.0038755,9,431,556
1765305159.0038755,74,340,368
1765305159.0038755,50,391,452
1765305159.0038755,86,539,572
1765305159.0038755,12,520,353
1765305159.0038755,2,292,490
1765305159.0038755,27,313,141
1765305159.0038755,22,642,384
1765305159.0038755,105,339,423
1765305159.0038755,7,687,532
1765305159.0038755,104,365,325
1765305159.0038755,39,492,425
1765305159.0038755,42,340,455
1765305159.0038755,76,334,194
1765305159.0038755,95,366,404
1765305159.0038755,16,1050,669
1765305159.0038755,106,305,171
1765305159.0604353,4,347,493
1765305159.0604353,9,431,556
1765305159.0604353,50,393,453
1765305159.0604353,1,750,469
1765305159.0604353,86,538,573
1765305159.0604353,96,444,440
1765305159.0604353,74,340,368
1765305159.0604353,12,517,352
1765305159.0604353,2,292,490
1765305159.0604353,105,337,418
1765305159.0604353,7,687,532
1765305159.0604353,27,314,143
1765305159.0604353,22,643,382
1765305159.0604353,42,340,454
1765305159.0604353,76,334,195
1765305159.0604353,95,365,404
1765305159.0604353,39,493,423
1765305159.0604353,104,367,328
1765305159.0604353,106,305,172
1765305159.0604353,16,1051,669
1765305159.1252952,4,348,493
1765305159.1252952,50,399,455
1765305159.1252952,1,751,470
1765305159.1252952,9,430,555
1765305159.1252952,86,538,573
1765305159.1252952,96,447,442
1765305159.1252952,12,513,351
1765305159.1252952,74,342,367
1765305159.1252952,2,293,491
1765305159.1252952,42,343,454
1765305159.1252952,7,688,532
1765305159.1252952,22,644,382
1765305159.1252952,39,494,424
1765305159.1252952,104,369,332
1765305159.1252952,105,335,415
1765305159.1252952,27,314,144
1765305159.1252952,76,336,195
1765305159.1252952,16,1051,669
1765305159.1252952,106,305,173
1765305159.1252952,95,361,402
1765305159.185375,4,348,492
1765305159.185375,50,403,458
1765305159.185375,9,429,556
1765305159.185375,1,752,470
1765305159.185375,86,538,573
1765305159.185375,12,511,352
1765305159.185375,39,497,423
1765305159.185375,96,449,441
1765305159.185375,74,343,367
1765305159.185375,2,293,491
1765305159.185375,42,344,453
1765305159.185375,7,688,533
1765305159.185375,22,645,383
1765305159.185375,104,373,333
1765305159.185375,27,314,146
1765305159.185375,76,335,196
1765305159.185375,106,305,173
1765305159.185375,16,1051,669
1765305159.185375,105,336,412
1765305159.185375,95,361,400
1765305159.2477174,4,347,493
1765305159.2477174,96,452,448
1765305159.2477174,9,429,556
1765305159.2477174,1,753,470
1765305159.2477174,12,509,353
1765305159.2477174,104,375,335
1765305159.2477174,39,501,422
1765305159.2477174,86,538,573
1765305159.2477174,42,346,454
1765305159.2477174,74,344,368
1765305159.2477174,50,406,459
1765305159.2477174,22,645,383
1765305159.2477174,27,317,147
1765305159.2477174,2,290,490
1765305159.2477174,7,688,534
1765305159.2477174,105,335,411
1765305159.2477174,16,1051,668
1765305159.2477174,95,362,401
1765305159.2477174,106,305,174
1765305159.2477174,76,332,197
1765305159.3078284,4,348,493
1765305159.3078284,9,428,556
1765305159.3078284,96,454,449
1765305159.3078284,86,538,573
1765305159.3078284,1,754,471
1765305159.3078284,12,506,352
1765305159.3078284,39,505,421
1765305159.3078284,42,346,452
1765305159.3078284,104,376,338
1765305159.3078284,50,413,461
1765305159.3078284,74,343,365
1765305159.3078284,22,646,383
1765305159.3078284,7,688,534
1765305159.3078284,27,318,147
1765305159.3078284,2,290,491
1765305159.3078284,105,335,410
1765305159.3078284,16,1051,669
1765305159.3078284,95,364,402
1765305159.3078284,106,304,174
1765305159.3754666,4,347,493
1765305159.3754666,12,503,350
1765305159.3754666,9,433,555
1765305159.3754666,1,756,471
1765305159.3754666,39,506,420
1765305159.3754666,86,538,573
1765305159.3754666,104,380,340
1765305159.3754666,42,348,452
1765305159.3754666,50,417,462
1765305159.3754666,96,456,451
1765305159.3754666,22,647,384
1765305159.3754666,74,343,365
1765305159.3754666,27,315,148
1765305159.3754666,2,290,491
1765305159.3754666,7,688,534
1765305159.3754666,95,362,402
1765305159.3754666,106,305,176
1765305159.3754666,105,336,406
1765305159.3754666,16,1052,671
1765305159.439371,12,502,350
1765305159.439371,4,348,493
1765305159.439371,1,757,471
1765305159.439371,9,437,554
1765305159.439371,104,382,342
1765305159.439371,39,508,417
1765305159.439371,50,424,463
1765305159.439371,86,538,572
1765305159.439371,22,647,385
1765305159.439371,42,348,451
1765305159.439371,96,458,452
1765305159.439371,74,343,363
1765305159.439371,7,687,534
1765305159.439371,2,290,491
1765305159.439371,27,314,150
1765305159.439371,95,354,401
1765305159.439371,106,306,175
1765305159.439371,16,1051,669
1765305159.439371,90,345,400
1765305159.5002165,4,346,493
1765305159.5002165,1,760,471
1765305159.5002165,9,437,553
1765305159.5002165,12,498,349
1765305159.5002165,39,512,416
1765305159.5002165,86,538,571
1765305159.5002165,104,386,344
1765305159.5002165,96,459,451
1765305159.5002165,50,429,465
1765305159.5002165,22,648,386
1765305159.5002165,74,341,360
1765305159.5002165,2,290,492
1765305159.5002165,42,346,449
1765305159.5002165,7,688,534
1765305159.5002165,27,313,153
1765305159.5002165,95,358,400
1765305159.5002165,16,1050,668
1765305159.5002165,106,306,176
1765305159.5588257,4,346,494
1765305159.5588257,39,516,416
1765305159.5588257,1,761,471
1765305159.5588257,9,439,553
1765305159.5588257,12,496,348
1765305159.5588257,104,392,348
1765305159.5588257,86,537,570
1765305159.5588257,74,340,359
1765305159.5588257,50,434,466
1765305159.5588257,96,460,452
1765305159.5588257,22,649,386
1765305159.5588257,2,293,492
1765305159.5588257,27,314,154
1765305159.5588257,42,346,448
1765305159.5588257,7,688,533
1765305159.5588257,95,358,400
1765305159.5588257,106,305,177
1765305159.5588257,105,333,397
1765305159.5588257,16,1050,670
1765305159.6228714,39,517,414
1765305159.6228714,4,347,493
1765305159.6228714,1,762,471
1765305159.6228714,74,342,356
1765305159.6228714,50,437,469
1765305159.6228714,86,538,570
1765305159.6228714,104,397,349
1765305159.6228714,12,495,349
1765305159.6228714,9,431,555
1765305159.6228714,42,347,448
1765305159.6228714,22,649,387
1765305159.6228714,27,312,154
1765305159.6228714,96,470,455
1765305159.6228714,7,688,532
1765305159.6228714,2,295,493
1765305159.6228714,95,360,399
1765305159.6228714,105,332,396
1765305159.6228714,16,1049,669
1765305159.6228714,106,308,178
1765305159.6869462,74,342,352
1765305159.6869462,4,347,493
1765305159.6869462,39,521,413
1765305159.6869462,1,764,472
1765305159.6869462,12,493,349
1765305159.6869462,86,538,570
1765305159.6869462,104,398,348
1765305159.6869462,50,440,472
1765305159.6869462,9,434,554
1765305159.6869462,22,651,387
1765305159.6869462,42,348,447
1765305159.6869462,96,471,454
1765305159.6869462,27,313,156
1765305159.6869462,7,687,533
1765305159.6869462,95,360,400
1765305159.6869462,109,452,554
1765305159.6869462,105,331,393
1765305159.6869462,16,1050,669
1765305159.6869462,2,296,495
1765305159.6869462,106,309,177
1765305159.7353425,74,342,350
1765305159.7353425,4,347,492
1765305159.7353425,39,522,411
1765305159.7353425,9,435,554
1765305159.7353425,12,489,348
1765305159.7353425,1,766,471
1765305159.7353425,86,538,571
1765305159.7353425,50,446,472
1765305159.7353425,42,348,446
1765305159.7353425,2,293,494
1765305159.7353425,22,654,388
1765305159.7353425,104,403,352
1765305159.7353425,7,688,531
1765305159.7353425,27,315,157
1765305159.7353425,96,482,457
1765305159.7353425,95,353,399
1765305159.7353425,76,331,198
1765305159.7353425,110,315,144
1765305159.7353425,105,342,393
1765305159.7353425,106,309,178
1765305159.7353425,16,1051,671
1765305159.787425,74,343,349
1765305159.787425,4,347,492
1765305159.787425,39,524,410
1765305159.787425,22,656,388
1765305159.787425,42,348,443
1765305159.787425,9,430,555
1765305159.787425,50,450,472
1765305159.787425,1,768,471
1765305159.787425,12,487,348
1765305159.787425,86,538,571
1765305159.787425,2,293,494
1765305159.787425,104,409,353
1765305159.787425,96,487,459
1765305159.787425,27,317,155
1765305159.787425,7,688,531
1765305159.787425,95,348,394
1765305159.787425,76,332,198
1765305159.787425,105,341,389
1765305159.787425,16,1050,670
1765305159.835562,74,343,346
1765305159.835562,22,658,389
1765305159.835562,4,347,492
1765305159.835562,42,348,441
1765305159.835562,39,526,408
1765305159.835562,1,769,471
1765305159.835562,9,430,555
1765305159.835562,50,454,475
1765305159.835562,86,538,571
1765305159.835562,12,485,348
1765305159.835562,2,297,496
1765305159.835562,104,412,353
1765305159.835562,96,491,459
1765305159.835562,7,688,532
1765305159.835562,27,317,164
1765305159.835562,105,345,388
1765305159.835562,16,1051,668
1765305159.835562,110,318,143
1765305159.835562,76,332,197
1765305159.835562,95,355,389
1765305159.8794706,74,343,345
1765305159.8794706,4,347,492
1765305159.8794706,50,454,476
1765305159.8794706,9,430,556
1765305159.8794706,86,538,572
1765305159.8794706,1,771,471
1765305159.8794706,2,297,496
1765305159.8794706,22,660,391
1765305159.8794706,39,529,407
1765305159.8794706,104,415,353
1765305159.8794706,12,482,347
1765305159.8794706,42,348,440
1765305159.8794706,96,494,459
1765305159.8794706,7,687,532
1765305159.8794706,27,317,166
1765305159.8794706,105,344,387
1765305159.8794706,16,1050,667
1765305159.8794706,110,316,143
1765305159.8794706,76,331,196
1765305159.9270802,2,299,500
1765305159.9270802,74,344,343
1765305159.9270802,86,537,573
1765305159.9270802,22,661,393
1765305159.9270802,4,347,491
1765305159.9270802,9,431,556
1765305159.9270802,1,773,472
1765305159.9270802,42,349,438
1765305159.9270802,104,419,354
1765305159.9270802,50,460,476
1765305159.9270802,12,478,347
1765305159.9270802,39,531,404
1765305159.9270802,96,498,460
1765305159.9270802,7,687,532
1765305159.9270802,105,345,387
1765305159.9270802,27,318,164
1765305159.9270802,16,1051,668
1765305159.9270802,110,321,144
1765305159.9270802,76,333,193
1765305159.9752996,86,537,573
1765305159.9752996,74,344,342
1765305159.9752996,1,775,473
1765305159.9752996,2,302,502
1765305159.9752996,22,662,394
1765305159.9752996,50,466,476
1765305159.9752996,39,532,402
1765305159.9752996,4,347,490
1765305159.9752996,9,432,556
1765305159.9752996,42,350,437
1765305159.9752996,12,475,347
1765305159.9752996,104,420,353
1765305159.9752996,96,508,459
1765305159.9752996,105,346,388
1765305159.9752996,7,686,532
1765305159.9752996,113,317,172
1765305159.9752996,27,322,166
1765305159.9752996,110,323,143
1765305159.9752996,16,1047,670
1765305160.0301971,86,537,573
1765305160.0301971,74,344,342
1765305160.0301971,39,534,401
1765305160.0301971,96,510,461
1765305160.0301971,1,775,473
1765305160.0301971,50,468,477
1765305160.0301971,2,302,503
1765305160.0301971,22,663,395
1765305160.0301971,4,347,490
1765305160.0301971,9,428,556
1765305160.0301971,12,472,347
1765305160.0301971,42,350,436
1765305160.0301971,105,346,388
1765305160.0301971,104,419,353
1765305160.0301971,7,687,533
1765305160.0301971,113,318,172
1765305160.0301971,27,323,166
1765305160.0301971,110,323,144
1765305160.0301971,114,347,429
1765305160.0301971,16,1048,670
1765305160.0788755,50,473,477
1765305160.0788755,9,429,556
1765305160.0788755,1,778,473
1765305160.0788755,39,537,399
1765305160.0788755,74,343,340
1765305160.0788755,86,537,572
1765305160.0788755,12,469,347
1765305160.0788755,4,345,490
1765305160.0788755,96,513,460
1765305160.0788755,104,421,352
1765305160.0788755,22,665,399
1765305160.0788755,114,349,432
1765305160.0788755,2,305,505
1765305160.0788755,7,685,532
1765305160.0788755,113,320,173
1765305160.0788755,105,344,385
1765305160.0788755,110,324,144
1765305160.0788755,16,1050,668
1765305160.1252933,9,428,556
1765305160.1252933,1,779,473
1765305160.1252933,74,343,337
1765305160.1252933,50,479,478
1765305160.1252933,86,537,571
1765305160.1252933,104,424,354
1765305160.1252933,39,541,395
1765305160.1252933,4,345,491
1765305160.1252933,12,471,344
1765305160.1252933,22,668,401
1765305160.1252933,2,310,508
1765305160.1252933,7,685,533
1765305160.1252933,96,521,458
1765305160.1252933,27,321,174
1765305160.1252933,114,349,430
1765305160.1252933,105,343,382
1765305160.1252933,110,326,143
1765305160.1252933,16,1049,669
1765305160.170003,74,342,336
1765305160.170003,1,779,473
1765305160.170003,9,428,556
1765305160.170003,86,537,571
1765305160.170003,104,425,354
1765305160.170003,50,481,478
1765305160.170003,39,543,393
1765305160.170003,4,345,491
1765305160.170003,2,312,509
1765305160.170003,22,669,401
1765305160.170003,12,470,344
1765305160.170003,96,526,459
1765305160.170003,7,685,532
1765305160.170003,114,344,427
1765305160.170003,27,321,175
1765305160.170003,105,341,377
1765305160.170003,110,327,143
1765305160.170003,16,1049,670
1765305160.2197611,74,342,334
1765305160.2197611,1,782,473
1765305160.2197611,9,429,555
1765305160.2197611,39,545,391
1765305160.2197611,86,537,571
1765305160.2197611,2,317,511
1765305160.2197611,50,483,479
1765305160.2197611,96,533,460
1765305160.2197611,4,344,490
1765305160.2197611,22,672,401
1765305160.2197611,104,426,353
1765305160.2197611,114,346,426
1765305160.2197611,7,685,532
1765305160.2197611,27,321,175
1765305160.2197611,110,331,143
1765305160.2197611,12,469,342
1765305160.2197611,105,340,374
1765305160.2197611,16,1051,670
1765305160.2673662,74,342,331
1765305160.2673662,2,318,514
1765305160.2673662,9,427,555
1765305160.2673662,4,344,490
1765305160.2673662,39,547,389
1765305160.2673662,114,345,422
1765305160.2673662,1,784,473
1765305160.2673662,104,430,355
1765305160.2673662,86,538,571
1765305160.2673662,22,675,403
1765305160.2673662,50,490,479
1765305160.2673662,96,540,458
1765305160.2673662,7,685,531
1765305160.2673662,110,332,143
1765305160.2673662,27,320,175
1765305160.2673662,12,466,340
1765305160.2673662,105,340,372
1765305160.2673662,16,1047,670
1765305160.3183346,2,323,516
1765305160.3183346,9,426,554
1765305160.3183346,74,342,329
1765305160.3183346,39,548,388
1765305160.3183346,4,344,490
1765305160.3183346,1,786,473
1765305160.3183346,86,537,571
1765305160.3183346,96,543,457
1765305160.3183346,114,344,420
1765305160.3183346,22,676,405
1765305160.3183346,104,434,355
1765305160.3183346,110,334,143
1765305160.3183346,7,684,531
1765305160.3183346,50,492,479
1765305160.3183346,27,321,176
1765305160.3183346,12,466,339
1765305160.3183346,105,341,366
1765305160.3183346,16,1049,670
1765305160.386107,2,326,518
1765305160.386107,9,425,554
1765305160.386107,74,343,329
1765305160.386107,39,550,387
1765305160.386107,96,548,456
1765305160.386107,1,788,474
1765305160.386107,22,679,407
1765305160.386107,86,537,571
1765305160.386107,4,343,489
1765305160.386107,50,498,479
1765305160.386107,12,463,336
1765305160.386107,7,684,532
1765305160.386107,110,335,144
1765305160.386107,104,442,355
1765305160.386107,114,345,417
1765305160.386107,27,321,176
1765305160.386107,105,341,366
1765305160.386107,16,1051,669
1765305160.386107,118,306,198
1765305160.4452024,2,326,518
1765305160.4452024,9,424,554
1765305160.4452024,74,343,329
1765305160.4452024,22,680,409
1765305160.4452024,39,550,386
1765305160.4452024,1,788,474
1765305160.4452024,96,554,454
1765305160.4452024,86,536,572
1765305160.4452024,114,345,415
1765305160.4452024,4,342,489
1765305160.4452024,104,442,355
1765305160.4452024,50,500,480
1765305160.4452024,110,339,144
1765305160.4452024,12,463,334
1765305160.4452024,7,685,532
1765305160.4452024,27,319,176
1765305160.4452024,105,340,364
1765305160.4452024,118,306,198
1765305160.4452024,16,1051,669
1765305160.5308423,22,684,411
1765305160.5308423,74,342,327
1765305160.5308423,9,424,553
1765305160.5308423,2,334,520
1765305160.5308423,86,535,572
1765305160.5308423,50,505,478
1765305160.5308423,39,550,385
1765305160.5308423,1,792,474
1765305160.5308423,110,342,145
1765305160.5308423,4,343,490
1765305160.5308423,96,562,453
1765305160.5308423,104,445,356
1765305160.5308423,12,456,334
1765305160.5308423,114,348,415
1765305160.5308423,7,685,534
1765305160.5308423,27,317,174
1765305160.5308423,16,1049,668
1765305160.5308423,118,305,199
1765305160.5308423,105,339,361
1765305160.6352277,22,686,412
1765305160.6352277,74,341,325
1765305160.6352277,9,424,552
1765305160.6352277,2,338,521
1765305160.6352277,86,534,572
1765305160.6352277,96,566,452
1765305160.6352277,39,551,384
1765305160.6352277,1,792,474
1765305160.6352277,4,343,491
1765305160.6352277,50,510,477
1765305160.6352277,12,454,333
1765305160.6352277,104,449,356
1765305160.6352277,110,340,146
1765305160.6352277,7,685,533
1765305160.6352277,114,348,411
1765305160.6352277,27,312,174
1765305160.6352277,118,306,200
1765305160.6352277,16,1048,668
1765305160.6352277,105,340,361
1765305160.712189,9,424,552
1765305160.712189,22,687,413
1765305160.712189,86,534,572
1765305160.712189,39,552,383
1765305160.712189,74,339,323
1765305160.712189,96,569,451
1765305160.712189,1,795,474
1765305160.712189,4,343,491
1765305160.712189,50,514,477
1765305160.712189,12,453,332
1765305160.712189,2,341,523
1765305160.712189,114,347,407
1765305160.712189,104,451,357
1765305160.712189,110,339,145
1765305160.712189,7,684,532
1765305160.712189,27,317,175
1765305160.712189,118,306,201
1765305160.712189,16,1050,668
1765305160.712189,105,338,359
1765305160.8030343,9,423,551
1765305160.8030343,22,690,415
1765305160.8030343,86,534,572
1765305160.8030343,114,347,404
1765305160.8030343,4,343,492
1765305160.8030343,1,796,475
1765305160.8030343,50,519,477
1765305160.8030343,96,574,450
1765305160.8030343,74,339,321
1765305160.8030343,12,451,332
1765305160.8030343,39,554,382
1765305160.8030343,2,344,524
1765305160.8030343,7,684,532
1765305160.8030343,27,316,176
1765305160.8030343,104,455,357
1765305160.8030343,110,346,146
1765305160.8030343,16,1051,668
1765305160.8030343,118,307,201
1765305160.8030343,105,337,356
1765305160.8706145,9,423,550
1765305160.8706145,114,346,401
1765305160.8706145,22,690,416
1765305160.8706145,12,448,330
1765305160.8706145,4,344,492
1765305160.8706145,1,798,475
1765305160.8706145,86,534,571
1765305160.8706145,50,522,476
1765305160.8706145,39,556,380
1765305160.8706145,74,340,318
1765305160.8706145,96,577,451
1765305160.8706145,104,458,357
1765305160.8706145,2,346,524
1765305160.8706145,110,350,148
1765305160.8706145,27,316,175
1765305160.8706145,7,683,531
1765305160.8706145,16,1049,667
1765305160.8706145,118,306,202
1765305160.8706145,105,336,355
1765305160.9273753,9,422,549
1765305160.9273753,114,346,399
1765305160.9273753,12,446,330
1765305160.9273753,22,693,417
1765305160.9273753,1,798,475
1765305160.9273753,86,535,570
1765305160.9273753,39,558,379
1765305160.9273753,50,525,476
1765305160.9273753,74,340,316
1765305160.9273753,4,343,492
1765305160.9273753,2,351,525
1765305160.9273753,96,582,447
1765305160.9273753,7,683,532
1765305160.9273753,110,353,148
1765305160.9273753,104,464,357
1765305160.9273753,27,317,174
1765305160.9273753,118,306,203
1765305160.9273753,16,1051,669
1765305160.9273753,105,338,352
1765305161.0252686,9,421,548
1765305161.0252686,114,347,397
1765305161.0252686,1,799,475
1765305161.0252686,50,527,476
1765305161.0252686,22,698,418
1765305161.0252686,86,535,570
1765305161.0252686,39,559,378
1765305161.0252686,12,445,329
1765305161.0252686,2,352,526
1765305161.0252686,74,339,313
1765305161.0252686,4,342,492
1765305161.0252686,96,586,446
1765305161.0252686,110,355,148
1765305161.0252686,7,682,531
1765305161.0252686,27,317,174
1765305161.0252686,104,466,358
1765305161.0252686,118,306,203
1765305161.0252686,16,1051,670
1765305161.0252686,105,339,354
1765305161.110225,9,421,547
1765305161.110225,114,347,396
1765305161.110225,1,801,476
1765305161.110225,12,441,327
1765305161.110225,50,529,475
1765305161.110225,96,589,441
1765305161.110225,74,338,311
1765305161.110225,22,701,421
1765305161.110225,2,356,525
1765305161.110225,39,557,380
1765305161.110225,86,536,570
1765305161.110225,4,342,491
1765305161.110225,7,682,531
1765305161.110225,27,317,174
1765305161.110225,104,478,359
1765305161.110225,110,359,148
1765305161.110225,16,1050,670
1765305161.110225,105,342,352
1765305161.110225,118,312,203
1765305161.155929,50,531,474
1765305161.155929,9,421,546
1765305161.155929,1,803,476
1765305161.155929,96,595,440
1765305161.155929,39,557,379
1765305161.155929,114,347,392
1765305161.155929,12,439,327
1765305161.155929,2,359,526
1765305161.155929,22,706,423
1765305161.155929,74,337,309
1765305161.155929,86,536,570
1765305161.155929,4,342,492
1765305161.155929,7,683,532
1765305161.155929,110,363,151
1765305161.155929,104,481,359
1765305161.155929,27,318,172
1765305161.155929,118,307,203
1765305161.155929,16,1049,668
1765305161.155929,119,318,143
1765305161.155929,105,340,345
1765305161.2178214,9,420,545
1765305161.2178214,96,599,438
1765305161.2178214,50,533,473
1765305161.2178214,1,803,476
1765305161.2178214,2,363,526
1765305161.2178214,22,707,423
1765305161.2178214,114,347,390
1765305161.2178214,39,558,378
1765305161.2178214,12,437,325
1765305161.2178214,86,537,570
1765305161.2178214,4,343,492
1765305161.2178214,74,336,307
1765305161.2178214,7,683,532
1765305161.2178214,104,482,360
1765305161.2178214,110,366,153
1765305161.2178214,27,319,171
1765305161.2178214,118,307,204
1765305161.2178214,16,1050,668
1765305161.2178214,119,318,142
1765305161.2178214,105,339,337
1765305161.2732382,9,418,544
1765305161.2732382,96,602,436
1765305161.2732382,1,806,477
1765305161.2732382,50,535,471
1765305161.2732382,2,366,526
1765305161.2732382,39,559,377
1765305161.2732382,12,435,324
1765305161.2732382,86,537,570
1765305161.2732382,114,347,388
1765305161.2732382,22,711,423
1765305161.2732382,104,488,360
1765305161.2732382,4,343,492
1765305161.2732382,74,336,305
1765305161.2732382,110,366,153
1765305161.2732382,7,682,532
1765305161.2732382,118,307,204
1765305161.2732382,27,314,169
1765305161.2732382,16,1050,668
1765305161.2732382,105,329,337
1765305161.2732382,119,320,142
1765305161.3226209,9,417,545
1765305161.3226209,96,605,434
1765305161.3226209,1,807,477
1765305161.3226209,86,535,570
1765305161.3226209,50,537,469
1765305161.3226209,114,346,386
1765305161.3226209,22,712,425
1765305161.3226209,39,562,376
1765305161.3226209,12,432,322
1765305161.3226209,2,370,527
1765305161.3226209,104,489,360
1765305161.3226209,7,682,531
1765305161.3226209,4,344,490
1765305161.3226209,110,369,155
1765305161.3226209,74,336,302
1765305161.3226209,16,1049,667
1765305161.3226209,27,327,170
1765305161.3226209,118,308,205
1765305161.3226209,105,330,330
1765305161.3226209,119,316,138
1765305161.3754082,96,608,432
1765305161.3754082,9,417,545
1765305161.3754082,114,347,384
1765305161.3754082,1,807,477
1765305161.3754082,86,534,571
1765305161.3754082,50,538,468
1765305161.3754082,12,430,321
1765305161.3754082,2,373,527
1765305161.3754082,22,715,427
1765305161.3754082,39,563,376
1765305161.3754082,104,491,360
1765305161.3754082,4,344,490
1765305161.3754082,7,682,531
1765305161.3754082,110,370,156
1765305161.3754082,74,336,298
1765305161.3754082,16,1050,668
1765305161.3754082,27,329,169
1765305161.3754082,118,309,206
1765305161.3754082,105,328,333
1765305161.3754082,119,316,139
1765305161.4263542,9,418,545
1765305161.4263542,114,347,381
1765305161.4263542,96,610,430
1765305161.4263542,1,810,477
1765305161.4263542,86,534,572
1765305161.4263542,22,720,430
1765305161.4263542,50,538,467
1765305161.4263542,12,428,320
1765305161.4263542,2,377,527
1765305161.4263542,39,566,375
1765305161.4263542,110,372,157
1765305161.4263542,4,344,490
1765305161.4263542,7,682,531
1765305161.4263542,104,495,360
1765305161.4263542,27,330,169
1765305161.4263542,16,1051,669
1765305161.4263542,74,335,296
1765305161.4263542,118,308,206
1765305161.4263542,105,329,323
1765305161.4263542,119,316,137
1765305161.4801745,114,347,380
1765305161.4801745,9,418,545
1765305161.4801745,96,610,430
1765305161.4801745,22,720,431
1765305161.4801745,1,812,477
1765305161.4801745,50,538,467
1765305161.4801745,110,372,158
1765305161.4801745,86,534,572
1765305161.4801745,12,425,320
1765305161.4801745,39,565,375
1765305161.4801745,2,381,527
1765305161.4801745,104,496,359
1765305161.4801745,4,344,489
1765305161.4801745,7,681,531
1765305161.4801745,27,332,169
1765305161.4801745,118,307,206
1765305161.4801745,16,1050,669
1765305161.4801745,74,329,294
1765305161.4801745,119,316,135
1765305161.4801745,105,328,325
1765305161.5552278,22,727,432
1765305161.5552278,9,418,545
1765305161.5552278,1,814,477
1765305161.5552278,114,347,379
1765305161.5552278,86,535,572
1765305161.5552278,96,612,429
1765305161.5552278,39,565,376
1765305161.5552278,50,539,465
1765305161.5552278,12,424,318
1765305161.5552278,27,330,168
1765305161.5552278,4,342,490
1765305161.5552278,110,374,158
1765305161.5552278,104,498,358
1765305161.5552278,2,387,526
1765305161.5552278,7,684,531
1765305161.5552278,118,307,208
1765305161.5552278,16,1051,669
1765305161.5552278,74,337,309
1765305161.6485195,22,732,433
1765305161.6485195,1,815,478
1765305161.6485195,114,348,377
1765305161.6485195,9,418,543
1765305161.6485195,86,536,571
1765305161.6485195,39,565,376
1765305161.6485195,50,539,464
1765305161.6485195,96,613,427
1765305161.6485195,12,422,317
1765305161.6485195,27,325,166
1765305161.6485195,4,343,489
1765305161.6485195,110,375,158
1765305161.6485195,104,502,356
1765305161.6485195,7,684,531
1765305161.6485195,2,392,525
1765305161.6485195,105,333,309
1765305161.6485195,118,307,209
1765305161.6485195,16,1053,671
1765305161.7411907,1,820,477
1765305161.7411907,9,418,543
1765305161.7411907,22,734,434
1765305161.7411907,86,537,571
1765305161.7411907,114,347,376
1765305161.7411907,50,538,461
1765305161.7411907,27,324,165
1765305161.7411907,39,566,376
1765305161.7411907,96,613,425
1765305161.7411907,12,420,315
1765305161.7411907,7,681,531
1765305161.7411907,104,505,355
1765305161.7411907,4,343,489
1765305161.7411907,110,375,160
1765305161.7411907,2,400,524
1765305161.7411907,105,331,307
1765305161.7411907,118,308,211
1765305161.7411907,16,1052,670
1765305161.8325508,1,821,477
1765305161.8325508,9,417,542
1765305161.8325508,22,737,434
1765305161.8325508,96,614,423
1765305161.8325508,86,538,571
1765305161.8325508,50,537,460
1765305161.8325508,12,418,313
1765305161.8325508,114,347,376
1765305161.8325508,39,566,376
1765305161.8325508,104,506,352
1765305161.8325508,7,682,531
1765305161.8325508,4,343,490
1765305161.8325508,27,323,164
1765305161.8325508,110,375,159
1765305161.8325508,105,331,305
1765305161.8325508,2,404,524
1765305161.8325508,118,307,211
1765305161.8325508,16,1052,670
1765305161.8947306,1,822,477
1765305161.8947306,22,738,434
1765305161.8947306,96,614,422
1765305161.8947306,9,417,541
1765305161.8947306,12,418,310
1765305161.8947306,104,506,351
1765305161.8947306,50,538,456
1765305161.8947306,39,568,375
1765305161.8947306,86,537,571
1765305161.8947306,114,347,376
1765305161.8947306,4,342,489
1765305161.8947306,27,325,161
1765305161.8947306,7,684,533
1765305161.8947306,118,308,211
1765305161.8947306,105,330,306
1765305161.8947306,125,357,315
1765305161.8947306,110,378,162
1765305161.8947306,2,412,528
1765305161.8947306,16,1052,670
1765305161.9551167,22,745,435
1765305161.9551167,1,823,477
1765305161.9551167,9,418,539
1765305161.9551167,96,614,418
1765305161.9551167,104,507,350
1765305161.9551167,12,416,309
1765305161.9551167,39,568,375
1765305161.9551167,86,537,570
1765305161.9551167,50,538,455
1765305161.9551167,114,347,374
1765305161.9551167,4,343,488
1765305161.9551167,27,320,160
1765305161.9551167,118,308,212
1765305161.9551167,7,682,532
1765305161.9551167,125,356,313
1765305161.9551167,110,384,165
1765305161.9551167,105,330,299
1765305161.9551167,16,1052,669
1765305162.0375564,22,749,435
1765305162.0375564,104,508,349
1765305162.0375564,1,824,477
1765305162.0375564,9,418,539
1765305162.0375564,12,412,306
1765305162.0375564,39,568,374
1765305162.0375564,96,613,416
1765305162.0375564,86,537,571
1765305162.0375564,114,348,372
1765305162.0375564,50,537,453
1765305162.0375564,4,344,487
1765305162.0375564,27,319,159
1765305162.0375564,7,684,532
1765305162.0375564,118,308,212
1765305162.0375564,110,385,166
1765305162.0375564,125,356,310
1765305162.0375564,126,331,311
1765305162.0375564,105,328,298
1765305162.0375564,16,1050,670
1765305162.1054769,22,754,436
1765305162.1054769,9,418,538
1765305162.1054769,104,513,348
1765305162.1054769,1,826,477
1765305162.1054769,114,346,369
1765305162.1054769,86,536,570
1765305162.1054769,12,411,304
1765305162.1054769,39,570,375
1765305162.1054769,27,320,159
1765305162.1054769,4,343,485
1765305162.1054769,50,537,453
1765305162.1054769,96,613,413
1765305162.1054769,7,684,533
1765305162.1054769,110,388,167
1765305162.1054769,118,307,213
1765305162.1054769,125,358,309
1765305162.1054769,127,326,277
1765305162.1054769,126,330,307
1765305162.1054769,105,328,289
1765305162.1054769,16,1048,672
1765305162.1653585,1,827,477
1765305162.1653585,9,418,537
1765305162.1653585,22,756,436
1765305162.1653585,104,516,346
1765305162.1653585,86,536,570
1765305162.1653585,114,346,367
1765305162.1653585,12,410,302
1765305162.1653585,39,570,375
1765305162.1653585,27,319,158
1765305162.1653585,50,537,452
1765305162.1653585,4,343,484
1765305162.1653585,7,683,532
1765305162.1653585,96,614,409
1765305162.1653585,110,389,167
1765305162.1653585,118,307,213
1765305162.1653585,125,360,311
1765305162.1653585,127,328,277
1765305162.1653585,126,330,307
1765305162.1653585,105,329,286
1765305162.1653585,16,1043,669
1765305162.2260525,1,828,477
1765305162.2260525,104,517,346
1765305162.2260525,9,420,537
1765305162.2260525,22,760,436
1765305162.2260525,12,409,301
1765305162.2260525,86,536,570
1765305162.2260525,114,347,367
1765305162.2260525,39,571,375
1765305162.2260525,27,320,157
1765305162.2260525,50,537,451
1765305162.2260525,4,343,484
1765305162.2260525,7,681,532
1765305162.2260525,96,616,407
1765305162.2260525,110,390,168
1765305162.2260525,118,307,214
1765305162.2260525,130,341,490
1765305162.2260525,129,371,191
1765305162.2260525,125,360,309
1765305162.2260525,126,331,307
1765305162.2260525,127,327,272
1765305162.2260525,105,330,290
1765305162.2260525,16,1052,671
1765305162.2885902,1,830,478
1765305162.2885902,22,763,435
1765305162.2885902,9,421,537
1765305162.2885902,104,517,345
1765305162.2885902,114,349,366
1765305162.2885902,27,319,156
1765305162.2885902,86,536,571
1765305162.2885902,12,408,299
1765305162.2885902,39,571,375
1765305162.2885902,50,538,451
1765305162.2885902,4,343,483
1765305162.2885902,7,682,532
1765305162.2885902,96,616,407
1765305162.2885902,110,389,168
1765305162.2885902,118,308,215
1765305162.2885902,130,342,489
1765305162.2885902,129,369,190
1765305162.2885902,127,327,270
1765305162.2885902,125,360,307
1765305162.2885902,126,334,308
1765305162.2885902,16,1052,673
1765305162.3422368,22,770,436
1765305162.3422368,1,834,478
1765305162.3422368,9,422,538
1765305162.3422368,114,349,364
1765305162.3422368,86,536,571
1765305162.3422368,104,519,341
1765305162.3422368,50,538,449
1765305162.3422368,27,321,155
1765305162.3422368,4,343,482
1765305162.3422368,39,571,375
1765305162.3422368,12,407,296
1765305162.3422368,7,683,532
1765305162.3422368,96,616,406
1765305162.3422368,110,389,169
1765305162.3422368,118,308,216
1765305162.3422368,127,327,268
1765305162.3422368,130,341,491
1765305162.3422368,129,371,190
1765305162.3422368,125,360,307
1765305162.3422368,126,334,305
1765305162.3422368,16,1051,670
1765305162.3917115,114,348,362
1765305162.3917115,1,835,478
1765305162.3917115,22,771,436
1765305162.3917115,86,537,571
1765305162.3917115,9,417,540
1765305162.3917115,50,538,447
1765305162.3917115,4,343,482
1765305162.3917115,39,572,375
1765305162.3917115,104,520,339
1765305162.3917115,12,406,295
1765305162.3917115,7,682,532
1765305162.3917115,110,393,170
1765305162.3917115,118,307,217
1765305162.3917115,27,322,154
1765305162.3917115,127,327,268
1765305162.3917115,130,341,492
1765305162.3917115,129,371,191
1765305162.3917115,2,426,531
1765305162.3917115,125,361,305
1765305162.3917115,126,332,303
1765305162.3917115,105,330,285
1765305162.3917115,16,1052,670
1765305162.4412992,114,347,361
1765305162.4412992,1,837,479
1765305162.4412992,50,538,445
1765305162.4412992,86,537,572
1765305162.4412992,22,776,435
1765305162.4412992,4,344,481
1765305162.4412992,9,413,540
1765305162.4412992,39,573,375
1765305162.4412992,104,519,338
1765305162.4412992,12,405,294
1765305162.4412992,110,395,171
1765305162.4412992,7,683,532
1765305162.4412992,2,435,528
1765305162.4412992,129,375,195
1765305162.4412992,118,308,218
1765305162.4412992,27,325,158
1765305162.4412992,130,342,490
1765305162.4412992,127,327,269
1765305162.4412992,125,360,302
1765305162.4412992,126,331,300
1765305162.4412992,105,329,289
1765305162.4912457,114,347,360
1765305162.4912457,1,838,479
1765305162.4912457,50,538,441
1765305162.4912457,9,414,540
1765305162.4912457,22,777,435
1765305162.4912457,86,537,572
1765305162.4912457,4,343,481
1765305162.4912457,12,404,293
1765305162.4912457,104,520,337
1765305162.4912457,39,572,374
1765305162.4912457,7,683,532
1765305162.4912457,110,396,172
1765305162.4912457,129,376,194
1765305162.4912457,118,308,218
1765305162.4912457,2,434,529
1765305162.4912457,130,342,489
1765305162.4912457,125,358,301
1765305162.4912457,133,447,529
1765305162.4912457,127,327,270
1765305162.4912457,27,325,157
1765305162.4912457,126,331,298
1765305162.4912457,105,329,292
1765305162.4912457,16,1048,668
1765305162.5451372,114,347,356
1765305162.5451372,1,841,480
1765305162.5451372,12,400,289
1765305162.5451372,22,784,435
1765305162.5451372,4,342,481
1765305162.5451372,39,573,372
1765305162.5451372,86,537,571
1765305162.5451372,50,537,436
1765305162.5451372,104,520,333
1765305162.5451372,9,417,540
1765305162.5451372,96,621,393
1765305162.5451372,110,396,174
1765305162.5451372,7,682,533
1765305162.5451372,129,379,195
1765305162.5451372,2,430,529
1765305162.5451372,134,330,169
1765305162.5451372,118,308,218
1765305162.5451372,16,1051,668
1765305162.5451372,127,330,276
1765305162.5451372,27,327,165
1765305162.5451372,105,332,282
1765305162.5451372,126,338,293
1765305162.5451372,125,355,296
1765305162.5999134,1,842,480
1765305162.5999134,12,399,287
1765305162.5999134,39,573,371
1765305162.5999134,22,786,435
1765305162.5999134,4,342,480
1765305162.5999134,86,537,571
1765305162.5999134,114,346,354
1765305162.5999134,50,538,435
1765305162.5999134,96,621,391
1765305162.5999134,104,519,332
1765305162.5999134,9,414,540
1765305162.5999134,2,432,528
1765305162.5999134,129,380,197
1765305162.5999134,118,309,219
1765305162.5999134,134,332,170
1765305162.5999134,110,396,173
1765305162.5999134,7,682,534
1765305162.5999134,136,317,141
1765305162.5999134,127,332,276
1765305162.5999134,16,1051,669
1765305162.5999134,105,330,285
1765305162.5999134,27,327,163
1765305162.5999134,137,421,538
1765305162.5999134,125,356,292
1765305162.6488843,39,573,371
1765305162.6488843,1,844,480
1765305162.6488843,12,399,285
1765305162.6488843,4,342,479
1765305162.6488843,22,788,436
1765305162.6488843,114,343,349
1765305162.6488843,86,536,571
1765305162.6488843,50,538,432
1765305162.6488843,9,415,540
1765305162.6488843,96,620,388
1765305162.6488843,129,379,198
1765305162.6488843,27,329,165
1765305162.6488843,2,432,528
1765305162.6488843,7,682,534
1765305162.6488843,110,396,173
1765305162.6488843,118,309,219
1765305162.6488843,104,519,329
1765305162.6488843,125,364,289
1765305162.6488843,136,323,147
1765305162.6488843,127,333,274
1765305162.6488843,137,423,536
1765305162.6488843,105,329,283
1765305162.6488843,16,1053,670
1765305162.6977625,39,574,371
1765305162.6977625,4,343,479
1765305162.6977625,22,792,435
1765305162.6977625,86,535,571
1765305162.6977625,50,539,430
1765305162.6977625,1,845,480
1765305162.6977625,114,344,347
1765305162.6977625,12,398,284
1765305162.6977625,9,415,540
1765305162.6977625,129,378,198
1765305162.6977625,96,620,386
1765305162.6977625,2,435,527
1765305162.6977625,7,682,534
1765305162.6977625,104,521,330
1765305162.6977625,118,308,221
1765305162.6977625,134,329,165
1765305162.6977625,133,444,530
1765305162.6977625,125,363,287
1765305162.6977625,136,319,142
1765305162.6977625,110,398,173
1765305162.6977625,16,1053,671
1765305162.6977625,27,327,159
1765305162.6977625,105,329,280
1765305162.6977625,137,421,537
1765305162.6977625,130,342,486
1765305162.6977625,127,338,282
1765305162.7553117,39,575,370
1765305162.7553117,4,344,478
1765305162.7553117,86,533,570
1765305162.7553117,22,795,435
1765305162.7553117,50,538,428
1765305162.7553117,114,345,345
1765305162.7553117,9,415,540
1765305162.7553117,1,846,480
1765305162.7553117,12,396,282
1765305162.7553117,129,379,198
1765305162.7553117,136,314,141
1765305162.7553117,2,434,527
1765305162.7553117,96,620,384
1765305162.7553117,104,521,327
1765305162.7553117,7,682,534
1765305162.7553117,118,309,222
1765305162.7553117,133,446,530
1765305162.7553117,125,364,285
1765305162.7553117,134,335,168
1765305162.7553117,127,334,276
1765305162.7553117,110,404,176
1765305162.7553117,16,1049,671
1765305162.7553117,130,342,489
1765305162.7553117,105,329,277
1765305162.8054082,39,574,370
1765305162.8054082,50,537,426
1765305162.8054082,12,394,279
1765305162.8054082,22,797,436
1765305162.8054082,86,531,570
1765305162.8054082,4,345,478
1765305162.8054082,114,345,344
1765305162.8054082,9,413,540
1765305162.8054082,129,380,199
1765305162.8054082,1,846,480
1765305162.8054082,136,316,141
1765305162.8054082,2,434,527
1765305162.8054082,96,619,381
1765305162.8054082,104,523,324
1765305162.8054082,110,403,176
1765305162.8054082,7,682,534
1765305162.8054082,133,444,529
1765305162.8054082,118,309,223
1765305162.8054082,127,341,274
1765305162.8054082,16,1051,671
1765305162.8054082,134,337,168
1765305162.8054082,125,362,284
1765305162.8054082,130,342,489
1765305162.8054082,105,332,269
1765305162.8589942,50,536,423
1765305162.8589942,86,528,569
1765305162.8589942,39,574,370
1765305162.8589942,4,344,477
1765305162.8589942,22,798,436
1765305162.8589942,114,345,341
1765305162.8589942,129,380,200
1765305162.8589942,12,393,276
1765305162.8589942,9,411,540
1765305162.8589942,136,316,141
1765305162.8589942,110,402,176
1765305162.8589942,96,618,379
1765305162.8589942,1,847,479
1765305162.8589942,2,434,527
1765305162.8589942,133,452,528
1765305162.8589942,7,684,536
1765305162.8589942,118,309,222
1765305162.8589942,16,1050,668
1765305162.8589942,139,388,279
1765305162.8589942,105,334,271
1765305162.8589942,134,337,167
1765305162.8589942,125,361,281
1765305162.8589942,130,340,493
1765305162.9152238,39,574,369
1765305162.9152238,9,411,539
1765305162.9152238,86,527,568
1765305162.9152238,50,535,422
1765305162.9152238,114,344,339
1765305162.9152238,4,345,477
1765305162.9152238,22,801,436
1765305162.9152238,110,401,176
1765305162.9152238,129,382,202
1765305162.9152238,136,315,141
1765305162.9152238,12,392,276
1765305162.9152238,96,617,377
1765305162.9152238,1,851,480
1765305162.9152238,7,684,536
1765305162.9152238,118,311,221
1765305162.9152238,2,436,524
1765305162.9152238,139,382,278
1765305162.9152238,134,336,168
1765305162.9152238,16,1053,669
1765305162.9152238,125,370,280
1765305162.9152238,105,329,269
1765305162.9152238,130,341,488
1765305162.965319,114,344,336
1765305162.965319,50,533,416
1765305162.965319,86,526,567
1765305162.965319,39,574,369
1765305162.965319,9,411,539
1765305162.965319,4,345,477
1765305162.965319,22,806,435
1765305162.965319,110,401,176
1765305162.965319,104,522,319
1765305162.965319,129,384,203
1765305162.965319,136,315,141
1765305162.965319,96,616,372
1765305162.965319,12,392,274
1765305162.965319,133,461,530
1765305162.965319,7,684,536
1765305162.965319,2,438,527
1765305162.965319,1,854,480
1765305162.965319,118,312,222
1765305162.965319,139,376,277
1765305162.965319,16,1051,667
1765305162.965319,134,338,169
1765305162.965319,125,369,278
1765305162.965319,105,328,265
1765305162.965319,130,339,489
1765305163.025204,50,533,414
1765305163.025204,86,525,566
1765305163.025204,114,345,334
1765305163.025204,39,574,369
1765305163.025204,9,411,539
1765305163.025204,4,345,476
1765305163.025204,22,809,436
1765305163.025204,104,520,308
1765305163.025204,129,385,203
1765305163.025204,110,402,176
1765305163.025204,136,314,140
1765305163.025204,96,617,370
1765305163.025204,12,393,273
1765305163.025204,1,855,480
1765305163.025204,7,684,536
1765305163.025204,133,462,532
1765305163.025204,2,438,523
1765305163.025204,134,336,168
1765305163.025204,16,1051,669
1765305163.025204,139,376,275
1765305163.025204,105,325,258
1765305163.0757976,86,523,565
1765305163.0757976,39,574,369
1765305163.0757976,50,531,410
1765305163.0757976,104,520,305
1765305163.0757976,4,345,475
1765305163.0757976,22,809,436
1765305163.0757976,114,343,332
1765305163.0757976,9,412,539
1765305163.0757976,110,402,177
1765305163.0757976,129,386,204
1765305163.0757976,1,855,480
1765305163.0757976,12,392,272
1765305163.0757976,96,616,367
1765305163.0757976,136,315,140
1765305163.0757976,2,438,521
1765305163.0757976,7,684,536
1765305163.0757976,133,462,531
1765305163.0757976,118,319,228
1765305163.0757976,134,333,167
1765305163.0757976,105,321,239
1765305163.0757976,125,368,271
1765305163.0757976,16,1051,670
1765305163.12741,86,522,564
1765305163.12741,104,518,302
1765305163.12741,39,574,368
1765305163.12741,4,345,475
1765305163.12741,50,529,409
1765305163.12741,22,811,436
1765305163.12741,9,411,538
1765305163.12741,114,342,328
1765305163.12741,110,402,177
1765305163.12741,129,388,205
1765305163.12741,1,856,480
1765305163.12741,12,392,271
1765305163.12741,136,315,140
1765305163.12741,2,440,522
1765305163.12741,7,685,535
1765305163.12741,133,462,532
1765305163.12741,118,316,226
1765305163.12741,96,613,365
1765305163.12741,16,1050,666
1765305163.12741,134,330,166
1765305163.12741,139,379,270
1765305163.12741,125,369,269
1765305163.12741,105,322,238
1765305163.1769717,86,522,563
1765305163.1769717,104,517,300
1765305163.1769717,4,345,474
1765305163.1769717,22,814,436
1765305163.1769717,50,527,403
1765305163.1769717,114,344,326
1765305163.1769717,9,409,537
1765305163.1769717,110,402,178
1765305163.1769717,39,575,367
1765305163.1769717,2,444,524
1765305163.1769717,129,391,206
1765305163.1769717,1,856,481
1765305163.1769717,12,391,270
1765305163.1769717,136,316,140
1765305163.1769717,118,320,225
1765305163.1769717,133,454,529
1765305163.1769717,7,684,535
1765305163.1769717,96,613,364
1765305163.1769717,134,332,169
1765305163.1769717,16,1051,667
1765305163.1769717,139,373,268
1765305163.1769717,125,364,268
1765305163.1769717,105,323,238
1765305163.2326396,86,521,562
1765305163.2326396,104,513,298
1765305163.2326396,22,819,435
1765305163.2326396,50,526,400
1765305163.2326396,4,345,473
1765305163.2326396,9,407,536
1765305163.2326396,110,401,178
1765305163.2326396,118,322,226
1765305163.2326396,39,576,367
1765305163.2326396,129,393,206
1765305163.2326396,12,390,269
1765305163.2326396,2,447,524
1765305163.2326396,1,856,481
1765305163.2326396,136,317,139
1765305163.2326396,114,345,323
1765305163.2326396,134,332,170
1765305163.2326396,7,684,535
1765305163.2326396,96,606,360
1765305163.2326396,16,1050,669
1765305163.2326396,139,380,267
1765305163.2326396,125,364,265
1765305163.2804716,86,521,562
1765305163.2804716,22,822,436
1765305163.2804716,4,345,474
1765305163.2804716,104,511,295
1765305163.2804716,50,525,397
1765305163.2804716,9,407,535
1765305163.2804716,110,400,178
1765305163.2804716,118,324,226
1765305163.2804716,12,391,268
1765305163.2804716,39,575,368
1765305163.2804716,2,450,524
1765305163.2804716,114,345,322
1765305163.2804716,136,317,140
1765305163.2804716,129,396,207
1765305163.2804716,1,856,481
1765305163.2804716,7,684,535
1765305163.2804716,96,607,357
1765305163.2804716,134,332,170
1765305163.2804716,16,1051,670
1765305163.2804716,133,463,526
1765305163.2804716,125,365,263
1765305163.3453963,9,406,535
1765305163.3453963,86,519,560
1765305163.3453963,104,511,296
1765305163.3453963,22,824,437
1765305163.3453963,4,346,473
1765305163.3453963,50,519,393
1765305163.3453963,118,325,226
1765305163.3453963,114,346,320
1765305163.3453963,39,575,368
1765305163.3453963,1,857,483
1765305163.3453963,12,391,267
1765305163.3453963,110,399,178
1765305163.3453963,129,398,207
1765305163.3453963,2,452,522
1765305163.3453963,7,685,534
1765305163.3453963,136,319,139
1765305163.3453963,134,334,169
1765305163.3453963,133,461,523
1765305163.3453963,16,1050,668
1765305163.3453963,125,365,262
1765305163.3453963,96,597,352
1765305163.4079204,86,518,560
1765305163.4079204,9,405,535
1765305163.4079204,22,827,438
1765305163.4079204,50,516,390
1765305163.4079204,4,346,472
1765305163.4079204,104,507,296
1765305163.4079204,1,857,483
1765305163.4079204,114,346,318
1765305163.4079204,118,325,226
1765305163.4079204,39,575,368
1765305163.4079204,110,399,179
1765305163.4079204,12,391,266
1765305163.4079204,2,454,522
1765305163.4079204,129,399,207
1765305163.4079204,7,685,534
1765305163.4079204,136,320,139
1765305163.4079204,134,330,169
1765305163.4079204,16,1050,668
1765305163.4079204,133,470,525
1765305163.4079204,125,366,262
1765305163.4079204,96,591,353
1765305163.470309,86,516,558
1765305163.470309,9,405,534
1765305163.470309,22,830,438
1765305163.470309,50,513,386
1765305163.470309,4,346,471
1765305163.470309,114,346,317
1765305163.470309,1,858,483
1765305163.470309,118,326,226
1765305163.470309,104,501,294
1765305163.470309,39,575,368
1765305163.470309,110,401,179
1765305163.470309,12,393,264
1765305163.470309,129,400,207
1765305163.470309,2,454,522
1765305163.470309,7,685,534
1765305163.470309,136,318,139
1765305163.470309,16,1050,668
1765305163.470309,96,586,346
1765305163.470309,133,466,526
1765305163.470309,134,324,168
1765305163.470309,125,365,261
1765305163.5169966,9,405,533
1765305163.5169966,86,512,557
1765305163.5169966,22,832,439
1765305163.5169966,4,346,471
1765305163.5169966,1,859,483
1765305163.5169966,104,496,289
1765305163.5169966,39,576,368
1765305163.5169966,50,508,380
1765305163.5169966,114,346,313
1765305163.5169966,118,328,225
1765305163.5169966,129,401,207
1765305163.5169966,12,393,263
1765305163.5169966,110,402,180
1765305163.5169966,2,459,524
1765305163.5169966,7,685,534
1765305163.5169966,136,318,141
1765305163.5169966,133,469,526
1765305163.5169966,16,1050,668
1765305163.5169966,96,587,344
1765305163.5169966,125,365,262
1765305163.5675726,9,403,532
1765305163.5675726,4,346,470
1765305163.5675726,86,508,556
1765305163.5675726,114,346,314
1765305163.5675726,22,832,439
1765305163.5675726,39,577,367
1765305163.5675726,1,859,484
1765305163.5675726,104,491,285
1765305163.5675726,118,328,225
1765305163.5675726,50,502,374
1765305163.5675726,2,462,524
1765305163.5675726,129,402,208
1765305163.5675726,12,392,262
1765305163.5675726,110,402,179
1765305163.5675726,7,685,534
1765305163.5675726,96,576,341
1765305163.5675726,136,318,144
1765305163.5675726,16,1051,670
1765305163.5675726,133,467,528
1765305163.6281815,4,346,469
1765305163.6281815,114,344,313
1765305163.6281815,9,402,532
1765305163.6281815,39,578,367
1765305163.6281815,22,834,439
1765305163.6281815,50,498,371
1765305163.6281815,1,860,484
1765305163.6281815,86,505,555
1765305163.6281815,118,328,226
1765305163.6281815,104,488,285
1765305163.6281815,12,392,261
1765305163.6281815,2,463,525
1765305163.6281815,110,402,179
1765305163.6281815,129,403,208
1765305163.6281815,7,685,534
1765305163.6281815,96,570,339
1765305163.6281815,16,1052,669
1765305163.6281815,136,318,145
1765305163.6281815,134,322,170
1765305163.6854086,86,505,555
1765305163.6854086,114,341,311
1765305163.6854086,9,401,531
1765305163.6854086,4,346,469
1765305163.6854086,22,838,440
1765305163.6854086,50,494,370
1765305163.6854086,1,861,484
1765305163.6854086,39,582,366
1765305163.6854086,104,487,286
1765305163.6854086,118,329,225
1765305163.6854086,12,393,260
1765305163.6854086,2,465,525
1765305163.6854086,110,402,179
1765305163.6854086,129,408,208
1765305163.6854086,96,563,337
1765305163.6854086,7,685,534
1765305163.6854086,134,322,171
1765305163.6854086,16,1051,668
1765305163.6854086,136,318,145
1765305163.7385352,114,340,309
1765305163.7385352,4,347,468
1765305163.7385352,9,399,532
1765305163.7385352,50,488,365
1765305163.7385352,86,503,554
1765305163.7385352,1,862,484
1765305163.7385352,39,583,365
1765305163.7385352,104,481,285
1765305163.7385352,118,330,225
1765305163.7385352,22,842,440
1765305163.7385352,12,392,258
1765305163.7385352,110,402,178
1765305163.7385352,2,466,524
1765305163.7385352,7,686,535
1765305163.7385352,96,561,336
1765305163.7385352,129,412,210
1765305163.7385352,16,1051,668
1765305163.7385352,134,322,165
1765305163.7385352,136,317,147
1765305163.7927964,4,347,467
1765305163.7927964,86,503,552
1765305163.7927964,114,337,308
1765305163.7927964,9,398,532
1765305163.7927964,2,468,523
1765305163.7927964,39,584,364
1765305163.7927964,1,863,484
1765305163.7927964,118,331,224
1765305163.7927964,12,392,257
1765305163.7927964,110,402,178
1765305163.7927964,104,478,285
1765305163.7927964,50,482,362
1765305163.7927964,22,845,441
1765305163.7927964,96,556,335
1765305163.7927964,7,686,535
1765305163.7927964,129,414,210
1765305163.7927964,16,1051,669
1765305163.7927964,136,319,149
1765305163.7927964,134,322,166
1765305163.857817,114,338,309
1765305163.857817,4,346,466
1765305163.857817,9,397,531
1765305163.857817,2,469,523
1765305163.857817,1,863,484
1765305163.857817,39,586,364
1765305163.857817,110,401,177
1765305163.857817,50,475,359
1765305163.857817,12,392,257
1765305163.857817,104,478,284
1765305163.857817,22,846,442
1765305163.857817,86,501,551
1765305163.857817,118,332,225
1765305163.857817,7,687,534
1765305163.857817,96,550,334
1765305163.857817,129,416,210
1765305163.857817,16,1052,669
1765305163.857817,136,318,148
1765305163.857817,134,323,167
1765305163.9195776,4,346,465
1765305163.9195776,114,337,307
1765305163.9195776,9,397,531
1765305163.9195776,2,470,522
1765305163.9195776,110,401,177
1765305163.9195776,50,471,356
1765305163.9195776,39,586,364
1765305163.9195776,1,863,484
1765305163.9195776,22,848,443
1765305163.9195776,12,392,256
1765305163.9195776,86,500,550
1765305163.9195776,118,335,223
1765305163.9195776,96,537,325
1765305163.9195776,104,473,282
1765305163.9195776,7,686,534
1765305163.9195776,129,417,210
1765305163.9195776,16,1052,669
1765305163.9195776,136,320,148
1765305163.985273,4,346,463
1765305163.985273,114,337,307
1765305163.985273,9,397,531
1765305163.985273,50,466,353
1765305163.985273,2,471,522
1765305163.985273,39,587,363
1765305163.985273,22,850,444
1765305163.985273,110,401,177
1765305163.985273,1,863,485
1765305163.985273,12,393,255
1765305163.985273,86,499,550
1765305163.985273,104,465,281
1765305163.985273,96,532,324
1765305163.985273,118,337,223
1765305163.985273,7,685,534
1765305163.985273,129,420,210
1765305163.985273,136,321,148
1765305163.985273,16,1051,668
1765305164.0474253,4,346,462
1765305164.0474253,9,397,530
1765305164.0474253,114,339,307
1765305164.0474253,110,400,177
1765305164.0474253,39,587,364
1765305164.0474253,1,863,485
1765305164.0474253,50,459,351
1765305164.0474253,2,471,522
1765305164.0474253,22,852,445
1765305164.0474253,96,527,324
1765305164.0474253,12,393,254
1765305164.0474253,104,461,280
1765305164.0474253,118,337,223
1765305164.0474253,7,685,534
1765305164.0474253,129,420,210
1765305164.0474253,86,494,551
1765305164.0474253,136,320,147
1765305164.0474253,16,1051,668
1765305164.0997684,4,346,460
1765305164.0997684,50,453,348
1765305164.0997684,9,395,530
1765305164.0997684,114,339,306
1765305164.0997684,1,863,485
1765305164.0997684,110,400,177
1765305164.0997684,39,588,363
1765305164.0997684,22,854,447
1765305164.0997684,2,471,521
1765305164.0997684,12,393,254
1765305164.0997684,118,337,224
1765305164.0997684,96,524,324
1765305164.0997684,104,457,279
1765305164.0997684,129,420,210
1765305164.0997684,7,686,534
1765305164.0997684,16,1051,668
1765305164.0997684,136,320,147
1765305164.0997684,86,493,548
1765305164.1769989,4,346,460
1765305164.1769989,50,450,348
1765305164.1769989,1,863,485
1765305164.1769989,114,339,305
1765305164.1769989,9,394,530
1765305164.1769989,110,401,177
1765305164.1769989,39,588,363
1765305164.1769989,104,455,279
1765305164.1769989,22,855,447
1765305164.1769989,12,393,254
1765305164.1769989,96,519,322
1765305164.1769989,118,339,223
1765305164.1769989,2,472,521
1765305164.1769989,7,686,534
1765305164.1769989,129,421,209
1765305164.1769989,86,485,548
1765305164.1769989,16,1051,669
1765305164.1769989,136,319,147
1765305164.2462475,114,338,305
1765305164.2462475,4,345,457
1765305164.2462475,50,444,344
1765305164.2462475,9,393,529
1765305164.2462475,39,589,362
1765305164.2462475,2,474,521
1765305164.2462475,1,866,485
1765305164.2462475,110,401,177
1765305164.2462475,12,392,251
1765305164.2462475,96,513,318
1765305164.2462475,22,861,450
1765305164.2462475,118,341,224
1765305164.2462475,129,425,210
1765305164.2462475,104,452,277
1765305164.2462475,7,684,533
1765305164.2462475,86,486,547
1765305164.2462475,16,1050,666
1765305164.2462475,136,317,147
1765305164.3372557,114,336,305
1765305164.3372557,4,346,455
1765305164.3372557,50,436,342
1765305164.3372557,9,392,528
1765305164.3372557,110,401,177
1765305164.3372557,1,866,485
1765305164.3372557,2,474,520
1765305164.3372557,96,505,316
1765305164.3372557,12,392,248
1765305164.3372557,39,590,360
1765305164.3372557,22,862,451
1765305164.3372557,104,446,274
1765305164.3372557,129,425,209
1765305164.3372557,7,684,534
1765305164.3372557,118,344,225
1765305164.3372557,86,485,547
1765305164.3372557,136,320,149
1765305164.3372557,16,1051,666
1765305164.4353256,114,336,304
1765305164.4353256,4,346,453
1765305164.4353256,9,391,528
1765305164.4353256,50,432,341
1765305164.4353256,1,867,485
1765305164.4353256,110,401,176
1765305164.4353256,96,501,316
1765305164.4353256,104,444,273
1765305164.4353256,129,427,209
1765305164.4353256,2,473,520
1765305164.4353256,39,589,358
1765305164.4353256,86,485,546
1765305164.4353256,22,865,452
1765305164.4353256,12,392,245
1765305164.4353256,118,343,225
1765305164.4353256,7,685,534
1765305164.4353256,16,1050,666
1765305164.4353256,136,321,149
1765305164.5050068,4,347,452
1765305164.5050068,9,391,529
1765305164.5050068,114,337,303
1765305164.5050068,1,867,485
1765305164.5050068,110,400,176
1765305164.5050068,50,424,340
1765305164.5050068,96,497,317
1765305164.5050068,104,442,274
1765305164.5050068,22,868,452
1765305164.5050068,129,431,209
1765305164.5050068,86,486,546
1765305164.5050068,12,393,243
1765305164.5050068,39,589,355
1765305164.5050068,2,473,519
1765305164.5050068,7,685,534
1765305164.5050068,118,343,224
1765305164.5050068,16,1050,666
1765305164.5050068,136,322,151
1765305164.595503,4,346,451
1765305164.595503,9,391,528
1765305164.595503,110,400,175
1765305164.595503,1,868,485
1765305164.595503,114,337,301
1765305164.595503,50,418,339
1765305164.595503,86,488,546
1765305164.595503,129,433,208
1765305164.595503,22,868,453
1765305164.595503,12,393,243
1765305164.595503,96,493,317
1765305164.595503,39,589,354
1765305164.595503,7,685,534
1765305164.595503,104,438,273
1765305164.595503,2,475,520
1765305164.595503,136,323,151
1765305164.595503,16,1050,667
1765305164.595503,118,345,223
1765305164.6692908,4,346,449
1765305164.6692908,9,391,528
1765305164.6692908,50,413,337
1765305164.6692908,110,400,175
1765305164.6692908,114,337,299
1765305164.6692908,1,868,485
1765305164.6692908,22,869,454
1765305164.6692908,129,435,208
1765305164.6692908,86,487,545
1765305164.6692908,104,427,271
1765305164.6692908,7,686,535
1765305164.6692908,96,483,313
1765305164.6692908,12,391,242
1765305164.6692908,2,483,520
1765305164.6692908,136,324,151
1765305164.6692908,16,1051,667
1765305164.6692908,118,347,221
1765305164.6692908,39,585,351
1765305164.745951,4,346,448
1765305164.745951,50,409,337
1765305164.745951,9,390,528
1765305164.745951,110,400,175
1765305164.745951,114,337,296
1765305164.745951,1,869,485
1765305164.745951,86,486,545
1765305164.745951,129,436,208
1765305164.745951,22,870,454
1765305164.745951,2,483,520
1765305164.745951,104,423,271
1765305164.745951,16,1052,667
1765305164.745951,7,685,535
1765305164.745951,12,389,240
1765305164.745951,136,324,151
1765305164.745951,96,476,312
1765305164.745951,118,346,221
1765305164.745951,39,585,350
1765305164.8216887,4,345,447
1765305164.8216887,9,390,528
1765305164.8216887,114,337,295
1765305164.8216887,110,401,176
1765305164.8216887,50,400,334
1765305164.8216887,86,484,544
1765305164.8216887,1,871,486
1765305164.8216887,39,595,350
1765305164.8216887,129,439,208
1765305164.8216887,2,486,520
1765305164.8216887,7,686,534
1765305164.8216887,22,873,456
1765305164.8216887,12,389,238
1765305164.8216887,104,421,272
1765305164.8216887,136,324,152
1765305164.8216887,16,1050,669
1765305164.8216887,96,478,313
1765305164.8216887,118,356,217
1765305164.8782306,4,345,446
1765305164.8782306,50,393,332
1765305164.8782306,9,390,528
1765305164.8782306,110,401,176
1765305164.8782306,114,338,291
1765305164.8782306,1,870,486
1765305164.8782306,86,484,544
1765305164.8782306,129,441,209
1765305164.8782306,39,592,350
1765305164.8782306,7,686,534
1765305164.8782306,104,420,271
1765305164.8782306,2,487,520
1765305164.8782306,22,874,456
1765305164.8782306,12,389,237
1765305164.8782306,136,324,152
1765305164.8782306,96,470,311
1765305164.8782306,16,1050,670
1765305164.8782306,118,355,217
1765305164.9408817,50,385,332
1765305164.9408817,4,345,444
1765305164.9408817,9,390,527
1765305164.9408817,114,339,289
1765305164.9408817,110,401,176
1765305164.9408817,104,418,271
1765305164.9408817,129,444,210
1765305164.9408817,1,869,486
1765305164.9408817,86,484,544
1765305164.9408817,39,590,348
1765305164.9408817,2,487,520
1765305164.9408817,7,686,533
1765305164.9408817,22,875,458
1765305164.9408817,16,1051,667
1765305164.9408817,12,389,235
1765305164.9408817,136,324,151
1765305164.9408817,96,465,310
1765305164.9408817,118,357,217
1765305165.0095003,50,383,331
1765305165.0095003,4,345,442
1765305165.0095003,9,389,527
1765305165.0095003,110,400,176
1765305165.0095003,129,446,211
1765305165.0095003,39,588,347
1765305165.0095003,104,415,272
1765305165.0095003,114,340,288
1765305165.0095003,2,490,520
1765305165.0095003,1,868,486
1765305165.0095003,86,484,544
1765305165.0095003,96,460,309
1765305165.0095003,22,878,460
1765305165.0095003,7,686,533
1765305165.0095003,16,1051,667
1765305165.0095003,12,389,234
1765305165.0095003,136,324,151
1765305165.0095003,118,359,218
1765305165.0754602,4,344,439
1765305165.0754602,50,380,330
1765305165.0754602,9,388,527
1765305165.0754602,129,448,212
1765305165.0754602,39,582,345
1765305165.0754602,104,413,272
1765305165.0754602,2,493,522
1765305165.0754602,110,400,176
1765305165.0754602,114,340,287
1765305165.0754602,96,453,308
1765305165.0754602,86,480,543
1765305165.0754602,1,867,487
1765305165.0754602,22,881,461
1765305165.0754602,7,686,533
1765305165.0754602,12,386,227
1765305165.0754602,136,324,150
1765305165.0754602,16,1051,670
1765305165.1351862,4,345,438
1765305165.1351862,9,387,527
1765305165.1351862,39,579,343
1765305165.1351862,50,377,330
1765305165.1351862,104,410,271
1765305165.1351862,2,492,522
1765305165.1351862,129,450,212
1765305165.1351862,110,401,176
1765305165.1351862,114,340,285
1765305165.1351862,96,449,307
1765305165.1351862,22,883,463
1765305165.1351862,86,480,543
1765305165.1351862,1,867,487
1765305165.1351862,7,685,532
1765305165.1351862,16,1050,667
1765305165.1351862,12,385,223
1765305165.1351862,151,326,181
1765305165.1351862,136,324,151
1765305165.1973023,50,372,329
1765305165.1973023,4,345,437
1765305165.1973023,9,385,527
1765305165.1973023,104,407,271
1765305165.1973023,110,401,176
1765305165.1973023,129,451,212
1765305165.1973023,114,339,283
1765305165.1973023,2,495,523
1765305165.1973023,39,576,342
1765305165.1973023,96,445,306
1765305165.1973023,1,867,487
1765305165.1973023,22,881,464
1765305165.1973023,86,481,543
1765305165.1973023,7,684,532
1765305165.1973023,16,1049,666
1765305165.1973023,12,385,223
1765305165.1973023,151,326,181
1765305165.1973023,136,324,153
1765305165.2551715,50,368,329
1765305165.2551715,104,407,271
1765305165.2551715,9,385,527
1765305165.2551715,4,345,435
1765305165.2551715,96,445,307
1765305165.2551715,110,400,176
1765305165.2551715,129,451,212
1765305165.2551715,114,339,281
1765305165.2551715,2,496,523
1765305165.2551715,39,569,341
1765305165.2551715,1,866,487
1765305165.2551715,22,881,465
1765305165.2551715,86,479,543
1765305165.2551715,7,684,532
1765305165.2551715,16,1050,666
1765305165.2551715,12,385,222
1765305165.2551715,151,326,181
1765305165.2551715,136,324,153
1765305165.3157344,9,382,526
1765305165.3157344,50,363,327
1765305165.3157344,4,345,432
1765305165.3157344,104,403,271
1765305165.3157344,96,438,305
1765305165.3157344,110,401,176
1765305165.3157344,129,453,213
1765305165.3157344,1,867,487
1765305165.3157344,7,685,533
1765305165.3157344,2,498,522
1765305165.3157344,114,339,281
1765305165.3157344,39,558,341
1765305165.3157344,86,484,542
1765305165.3157344,22,887,466
1765305165.3157344,151,326,178
1765305165.3157344,12,386,222
1765305165.3157344,16,1050,668
1765305165.3157344,136,325,152
1765305165.377789,9,382,526
1765305165.377789,4,344,431
1765305165.377789,50,361,326
1765305165.377789,110,401,176
1765305165.377789,96,434,305
1765305165.377789,104,402,272
1765305165.377789,129,454,213
1765305165.377789,114,337,279
1765305165.377789,1,867,487
1765305165.377789,7,686,533
1765305165.377789,39,549,344
1765305165.377789,151,327,179
1765305165.377789,2,498,525
1765305165.377789,12,386,222
1765305165.377789,86,488,543
1765305165.377789,22,889,466
1765305165.377789,136,328,154
1765305165.377789,16,1050,667
1765305165.4350936,9,382,526
1765305165.4350936,4,344,429
1765305165.4350936,50,358,325
1765305165.4350936,96,429,304
1765305165.4350936,129,457,214
1765305165.4350936,110,402,176
1765305165.4350936,114,336,276
1765305165.4350936,1,867,487
1765305165.4350936,104,396,271
1765305165.4350936,7,686,532
1765305165.4350936,151,330,180
1765305165.4350936,2,500,526
1765305165.4350936,86,492,542
1765305165.4350936,12,386,221
1765305165.4350936,22,888,466
1765305165.4350936,39,544,343
1765305165.4350936,16,1051,667
1765305165.4350936,136,329,156
1765305165.5052357,4,344,427
1765305165.5052357,9,382,526
1765305165.5052357,50,356,325
1765305165.5052357,96,429,303
1765305165.5052357,129,458,214
1765305165.5052357,104,392,269
1765305165.5052357,110,402,176
1765305165.5052357,1,866,488
1765305165.5052357,114,334,271
1765305165.5052357,2,500,527
1765305165.5052357,7,687,533
1765305165.5052357,151,329,179
1765305165.5052357,86,490,542
1765305165.5052357,136,329,157
1765305165.5052357,16,1052,667
1765305165.5052357,12,386,218
1765305165.5052357,22,893,468
1765305165.5052357,39,541,341
1765305165.5052357,154,902,470
1765305165.5579123,4,344,426
1765305165.5579123,9,382,525
1765305165.5579123,96,426,303
1765305165.5579123,50,357,324
1765305165.5579123,129,458,214
1765305165.5579123,104,390,269
1765305165.5579123,110,401,175
1765305165.5579123,2,503,527
1765305165.5579123,1,865,488
1765305165.5579123,7,687,534
1765305165.5579123,114,332,267
1765305165.5579123,136,329,157
1765305165.5579123,16,1052,667
1765305165.5579123,86,484,541
1765305165.5579123,155,525,325
1765305165.5579123,22,895,469
1765305165.5579123,151,328,179
1765305165.5579123,39,543,338
1765305165.5579123,12,385,215
1765305165.6060293,4,343,423
1765305165.6060293,9,382,525
1765305165.6060293,96,421,302
1765305165.6060293,104,387,268
1765305165.6060293,50,356,322
1765305165.6060293,129,458,214
1765305165.6060293,110,402,176
1765305165.6060293,155,522,325
1765305165.6060293,1,865,489
1765305165.6060293,2,506,529
1765305165.6060293,7,688,534
1765305165.6060293,136,328,157
1765305165.6060293,86,486,541
1765305165.6060293,114,333,265
1765305165.6060293,22,894,470
1765305165.6060293,16,1051,668
1765305165.6060293,151,329,178
1765305165.6060293,12,381,208
1765305165.6060293,118,364,213
1765305165.6489642,4,343,421
1765305165.6489642,9,382,523
1765305165.6489642,96,419,302
1765305165.6489642,129,459,214
1765305165.6489642,50,355,322
1765305165.6489642,155,517,324
1765305165.6489642,1,865,489
1765305165.6489642,104,384,267
1765305165.6489642,110,403,176
1765305165.6489642,2,510,528
1765305165.6489642,86,486,541
1765305165.6489642,7,688,534
1765305165.6489642,136,330,157
1765305165.6489642,114,333,264
1765305165.6489642,22,895,470
1765305165.6489642,16,1051,669
1765305165.6489642,12,379,209
1765305165.6489642,118,368,213
1765305165.697597,9,382,524
1765305165.697597,4,343,419
1765305165.697597,96,417,301
1765305165.697597,129,459,216
1765305165.697597,50,355,321
1765305165.697597,2,510,529
1765305165.697597,104,385,267
1765305165.697597,1,865,491
1765305165.697597,155,513,324
1765305165.697597,110,401,176
1765305165.697597,7,688,532
1765305165.697597,86,485,542
1765305165.697597,136,330,158
1765305165.697597,114,331,261
1765305165.697597,154,898,475
1765305165.697597,12,377,208
1765305165.697597,16,1051,669
1765305165.697597,22,894,472
1765305165.697597,118,375,210
1765305165.7477276,9,382,524
1765305165.7477276,96,413,301
1765305165.7477276,4,343,416
1765305165.7477276,50,352,320
1765305165.7477276,129,459,216
1765305165.7477276,2,514,530
1765305165.7477276,1,865,491
1765305165.7477276,110,401,176
1765305165.7477276,114,332,260
1765305165.7477276,86,485,542
1765305165.7477276,104,380,266
1765305165.7477276,7,688,532
1765305165.7477276,155,507,319
1765305165.7477276,136,330,159
1765305165.7477276,154,898,475
1765305165.7477276,12,378,207
1765305165.7477276,118,372,209
1765305165.7477276,16,1052,669
1765305165.7477276,22,892,472
1765305165.791646,9,382,523
1765305165.791646,4,343,412
1765305165.791646,50,352,319
1765305165.791646,96,411,301
1765305165.791646,129,459,216
1765305165.791646,2,516,530
1765305165.791646,1,864,491
1765305165.791646,110,401,176
1765305165.791646,114,333,259
1765305165.791646,7,688,533
1765305165.791646,86,486,542
1765305165.791646,136,329,161
1765305165.791646,155,505,320
1765305165.791646,22,899,476
1765305165.791646,12,378,206
1765305165.791646,16,1051,668
1765305165.791646,104,380,266
1765305165.791646,118,371,208
1765305165.791646,154,895,473
1765305165.8369932,9,381,523
1765305165.8369932,4,342,410
1765305165.8369932,50,349,318
1765305165.8369932,96,404,301
1765305165.8369932,2,516,529
1765305165.8369932,129,459,217
1765305165.8369932,110,401,176
1765305165.8369932,1,864,491
1765305165.8369932,22,899,477
1765305165.8369932,7,687,533
1765305165.8369932,86,487,542
1765305165.8369932,114,337,259
1765305165.8369932,155,498,322
1765305165.8369932,136,328,161
1765305165.8369932,12,377,205
1765305165.8369932,118,368,207
1765305165.8369932,16,1051,669
1765305165.8369932,104,368,264
1765305165.8369932,154,893,475
1765305165.8853137,9,381,523
1765305165.8853137,4,342,408
1765305165.8853137,50,348,318
1765305165.8853137,96,400,301
1765305165.8853137,2,518,528
1765305165.8853137,110,400,176
1765305165.8853137,114,342,259
1765305165.8853137,86,487,542
1765305165.8853137,1,862,491
1765305165.8853137,7,686,533
1765305165.8853137,22,898,478
1765305165.8853137,129,461,218
1765305165.8853137,155,494,319
1765305165.8853137,136,328,161
1765305165.8853137,12,380,204
1765305165.8853137,160,332,184
1765305165.8853137,118,364,207
1765305165.8853137,16,1051,671
1765305165.8853137,154,895,475
1765305165.9369166,9,381,523
1765305165.9369166,4,344,406
1765305165.9369166,50,349,319
1765305165.9369166,2,521,527
1765305165.9369166,86,486,541
1765305165.9369166,96,400,301
1765305165.9369166,114,340,258
1765305165.9369166,1,861,491
1765305165.9369166,110,399,176
1765305165.9369166,7,687,533
1765305165.9369166,22,898,478
1765305165.9369166,129,462,217
1765305165.9369166,136,327,162
1765305165.9369166,12,380,204
1765305165.9369166,118,364,208
1765305165.9369166,160,332,185
1765305165.9369166,161,310,142
1765305165.9369166,155,490,315
1765305165.9369166,16,1048,671
1765305165.9821913,9,381,523
1765305165.9821913,4,345,405
1765305165.9821913,50,347,319
1765305165.9821913,2,524,527
1765305165.9821913,86,486,541
1765305165.9821913,114,341,258
1765305165.9821913,96,397,301
1765305165.9821913,1,863,492
1765305165.9821913,129,464,218
1765305165.9821913,110,401,175
1765305165.9821913,7,687,533
1765305165.9821913,136,329,162
1765305165.9821913,22,899,479
1765305165.9821913,12,380,205
1765305165.9821913,118,362,208
1765305165.9821913,16,1050,668
1765305165.9821913,160,334,185
1765305165.9821913,155,484,307
1765305166.030464,4,345,405
1765305166.030464,50,346,319
1765305166.030464,9,381,523
1765305166.030464,2,524,525
1765305166.030464,86,486,540
1765305166.030464,96,396,301
1765305166.030464,1,861,491
1765305166.030464,114,342,258
1765305166.030464,7,686,533
1765305166.030464,110,402,175
1765305166.030464,136,330,163
1765305166.030464,22,899,480
1765305166.030464,160,332,191
1765305166.030464,12,377,204
1765305166.030464,118,361,207
1765305166.030464,16,1050,670
1765305166.030464,155,481,307
1765305166.078223,9,381,520
1765305166.078223,4,344,402
1765305166.078223,50,342,318
1765305166.078223,2,528,524
1765305166.078223,1,862,491
1765305166.078223,86,488,542
1765305166.078223,96,392,299
1765305166.078223,114,340,255
1765305166.078223,110,401,176
1765305166.078223,7,686,532
1765305166.078223,136,331,164
1765305166.078223,22,901,480
1765305166.078223,160,331,193
1765305166.078223,118,369,212
1765305166.078223,12,378,202
1765305166.078223,155,480,306
1765305166.078223,16,1049,669
1765305166.122782,9,382,520
1765305166.122782,4,344,400
1765305166.122782,2,528,524
1765305166.122782,96,388,299
1765305166.122782,86,488,542
1765305166.122782,1,862,491
1765305166.122782,50,342,319
1765305166.122782,114,339,254
1765305166.122782,7,686,532
1765305166.122782,136,329,163
1765305166.122782,22,901,481
1765305166.122782,110,401,176
1765305166.122782,160,332,193
1765305166.122782,118,371,215
1765305166.122782,16,1051,670
1765305166.122782,12,380,198
1765305166.122782,155,479,306
1765305166.169302,9,381,520
1765305166.169302,4,345,399
1765305166.169302,50,342,316
1765305166.169302,2,530,525
1765305166.169302,96,385,299
1765305166.169302,86,488,542
1765305166.169302,114,341,254
1765305166.169302,1,862,491
1765305166.169302,7,686,532
1765305166.169302,110,402,176
1765305166.169302,136,331,164
1765305166.169302,22,901,482
1765305166.169302,160,332,194
1765305166.169302,118,371,215
1765305166.169302,155,476,304
1765305166.169302,12,380,196
1765305166.169302,16,1051,670
1765305166.169302,161,309,145
1765305166.215072,9,380,519
1765305166.215072,4,345,397
1765305166.215072,2,531,525
1765305166.215072,50,342,314
1765305166.215072,86,488,541
1765305166.215072,114,342,254
1765305166.215072,96,383,298
1765305166.215072,1,867,491
1765305166.215072,129,470,224
1765305166.215072,7,686,533
1765305166.215072,110,405,176
1765305166.215072,136,331,164
1765305166.215072,155,473,303
1765305166.215072,22,897,483
1765305166.215072,160,332,195
1765305166.215072,118,372,215
1765305166.215072,161,309,146
1765305166.215072,12,378,197
1765305166.215072,16,1052,672
1765305166.2602026,9,379,519
1765305166.2602026,4,345,395
1765305166.2602026,2,532,526
1765305166.2602026,86,487,541
1765305166.2602026,50,341,313
1765305166.2602026,114,341,254
1765305166.2602026,1,875,490
1765305166.2602026,155,470,301
1765305166.2602026,7,686,533
1765305166.2602026,96,382,297
1765305166.2602026,110,404,176
1765305166.2602026,129,469,230
1765305166.2602026,136,329,165
1765305166.2602026,160,334,195
1765305166.2602026,16,1052,668
1765305166.2602026,22,889,485
1765305166.2602026,118,372,215
1765305166.2602026,12,378,198
1765305166.2602026,161,308,146
1765305166.3081589,9,379,519
1765305166.3081589,4,345,393
1765305166.3081589,86,487,541
1765305166.3081589,2,533,525
1765305166.3081589,50,342,313
1765305166.3081589,1,877,491
1765305166.3081589,114,341,254
1765305166.3081589,155,468,300
1765305166.3081589,129,469,231
1765305166.3081589,7,686,533
1765305166.3081589,110,404,176
1765305166.3081589,136,328,165
1765305166.3081589,96,383,298
1765305166.3081589,160,333,196
1765305166.3081589,22,886,486
1765305166.3081589,118,373,215
1765305166.3081589,12,379,198
1765305166.3081589,161,310,146
1765305166.3081589,16,1052,670
1765305166.3513582,9,379,519
1765305166.3513582,4,344,390
1765305166.3513582,2,534,526
1765305166.3513582,1,877,492
1765305166.3513582,129,469,232
1765305166.3513582,110,408,176
1765305166.3513582,114,342,254
1765305166.3513582,86,487,541
1765305166.3513582,155,468,300
1765305166.3513582,7,687,533
1765305166.3513582,50,341,312
1765305166.3513582,136,329,166
1765305166.3513582,118,374,215
1765305166.3513582,96,379,297
1765305166.3513582,161,311,144
1765305166.3513582,12,379,200
1765305166.3513582,16,1055,673
1765305166.3982053,9,378,518
1765305166.3982053,2,542,525
1765305166.3982053,86,488,541
1765305166.3982053,4,346,389
1765305166.3982053,1,862,494
1765305166.3982053,114,340,252
1765305166.3982053,129,467,233
1765305166.3982053,110,411,175
1765305166.3982053,155,467,299
1765305166.3982053,7,687,533
1765305166.3982053,136,334,169
1765305166.3982053,50,339,308
1765305166.3982053,22,900,484
1765305166.3982053,12,375,191
1765305166.3982053,16,1053,669
1765305166.3982053,96,369,297
1765305166.3982053,118,373,215
1765305166.3982053,161,310,149
1765305166.4409788,9,379,518
1765305166.4409788,2,544,526
1765305166.4409788,86,488,540
1765305166.4409788,4,345,387
1765305166.4409788,129,461,235
1765305166.4409788,1,862,494
1765305166.4409788,114,340,252
1765305166.4409788,110,417,176
1765305166.4409788,7,687,533
1765305166.4409788,136,335,172
1765305166.4409788,50,339,309
1765305166.4409788,96,368,293
1765305166.4409788,16,1053,669
1765305166.4409788,155,466,299
1765305166.4409788,12,376,191
1765305166.4409788,22,900,484
1765305166.4409788,118,375,215
1765305166.4409788,161,313,149
1765305166.4852827,9,379,518
1765305166.4852827,2,547,525
1765305166.4852827,4,346,386
1765305166.4852827,86,488,540
1765305166.4852827,114,340,252
1765305166.4852827,129,460,236
1765305166.4852827,1,862,494
1765305166.4852827,110,417,176
1765305166.4852827,50,339,310
1765305166.4852827,136,335,172
1765305166.4852827,7,687,533
1765305166.4852827,96,368,293
1765305166.4852827,22,900,484
1765305166.4852827,161,317,151
1765305166.4852827,16,1053,669
1765305166.4852827,12,376,191
1765305166.4852827,118,375,216
1765305166.4852827,155,461,295
1765305166.5490322,9,379,517
1765305166.5490322,2,549,525
1765305166.5490322,86,488,540
1765305166.5490322,4,346,384
1765305166.5490322,129,458,238
1765305166.5490322,114,340,251
1765305166.5490322,1,862,494
1765305166.5490322,110,417,176
1765305166.5490322,136,335,173
1765305166.5490322,7,687,533
1765305166.5490322,50,336,308
1765305166.5490322,22,900,484
1765305166.5490322,96,367,294
1765305166.5490322,161,317,152
1765305166.5490322,155,464,297
1765305166.5490322,12,379,190
1765305166.5490322,118,376,216
1765305166.5490322,16,1052,669
1765305166.5962825,9,378,517
1765305166.5962825,4,347,383
1765305166.5962825,2,555,526
1765305166.5962825,86,488,540
1765305166.5962825,129,456,239
1765305166.5962825,114,340,251
1765305166.5962825,1,863,495
1765305166.5962825,136,334,174
1765305166.5962825,110,420,177
1765305166.5962825,7,687,533
1765305166.5962825,50,331,306
1765305166.5962825,161,317,151
1765305166.5962825,96,366,293
1765305166.5962825,22,898,486
1765305166.5962825,118,377,216
1765305166.5962825,12,379,190
1765305166.5962825,155,461,292
1765305166.5962825,16,1052,669
1765305166.662435,9,378,517
1765305166.662435,4,348,382
1765305166.662435,2,557,526
1765305166.662435,86,488,540
1765305166.662435,129,451,239
1765305166.662435,114,340,252
1765305166.662435,1,870,495
1765305166.662435,110,420,178
1765305166.662435,136,335,175
1765305166.662435,7,687,533
1765305166.662435,50,331,306
1765305166.662435,161,314,153
1765305166.662435,96,367,294
1765305166.662435,155,457,289
1765305166.662435,118,377,215
1765305166.662435,154,881,490
1765305166.662435,16,1051,670
1765305166.662435,12,379,194
1765305166.7402294,9,377,516
1765305166.7402294,4,348,380
1765305166.7402294,129,446,240
1765305166.7402294,86,488,540
1765305166.7402294,2,561,526
1765305166.7402294,1,872,494
1765305166.7402294,110,421,179
1765305166.7402294,114,339,252
1765305166.7402294,7,687,533
1765305166.7402294,136,334,177
1765305166.7402294,50,329,305
1765305166.7402294,161,312,154
1765305166.7402294,96,367,294
1765305166.7402294,118,378,215
1765305166.7402294,155,456,287
1765305166.7402294,16,1051,668
1765305166.7989042,9,377,516
1765305166.7989042,4,348,379
1765305166.7989042,86,488,540
1765305166.7989042,129,444,241
1765305166.7989042,2,562,526
1765305166.7989042,110,422,179
1765305166.7989042,1,870,495
1765305166.7989042,114,339,252
1765305166.7989042,7,687,533
1765305166.7989042,136,335,178
1765305166.7989042,96,367,294
1765305166.7989042,161,312,155
1765305166.7989042,50,329,305
1765305166.7989042,155,456,288
1765305166.7989042,16,1052,667
1765305166.7989042,154,883,490
1765305166.7989042,118,379,213
1765305166.7989042,12,380,198
1765305166.8429034,9,376,516
1765305166.8429034,129,434,243
1765305166.8429034,4,347,377
1765305166.8429034,2,562,525
1765305166.8429034,110,420,182
1765305166.8429034,114,333,250
1765305166.8429034,1,860,497
1765305166.8429034,155,453,286
1765305166.8429034,86,489,539
1765305166.8429034,7,687,533
1765305166.8429034,161,312,155
1765305166.8429034,22,898,486
1765305166.8429034,16,1051,667
1765305166.8429034,50,326,301
1765305166.8429034,136,334,180
1765305166.8429034,96,366,289
1765305166.8912592,129,427,244
1765305166.8912592,9,377,515
1765305166.8912592,4,348,376
1765305166.8912592,2,563,525
1765305166.8912592,110,421,183
1765305166.8912592,1,861,497
1765305166.8912592,155,452,285
1765305166.8912592,86,488,540
1765305166.8912592,114,333,251
1765305166.8912592,161,311,156
1765305166.8912592,7,687,533
1765305166.8912592,136,336,181
1765305166.8912592,22,896,484
1765305166.8912592,50,325,301
1765305166.8912592,16,1053,668
1765305166.8912592,171,378,558
1765305166.8912592,96,367,289
1765305166.941136,129,422,245
1765305166.941136,9,378,514
1765305166.941136,4,348,375
1765305166.941136,2,563,525
1765305166.941136,1,860,497
1765305166.941136,110,421,184
1765305166.941136,86,488,539
1765305166.941136,155,452,282
1765305166.941136,161,311,159
1765305166.941136,7,687,534
1765305166.941136,114,333,252
1765305166.941136,136,334,182
1765305166.941136,22,894,484
1765305166.941136,96,363,292
1765305166.941136,171,378,557
1765305166.941136,16,1053,667
1765305166.941136,50,320,300
1765305167.0306287,9,378,513
1765305167.0306287,4,347,373
1765305167.0306287,2,564,525
1765305167.0306287,129,420,246
1765305167.0306287,1,861,497
1765305167.0306287,86,489,538
1765305167.0306287,110,423,185
1765305167.0306287,161,310,160
1765305167.0306287,7,687,534
1765305167.0306287,136,337,181
1765305167.0306287,114,332,251
1765305167.0306287,155,451,279
1765305167.0306287,96,362,292
1765305167.0306287,50,322,299
1765305167.0306287,22,892,486
1765305167.0306287,16,1051,667
1765305167.0306287,171,379,556
1765305167.1151247,9,378,512
1765305167.1151247,129,411,248
1765305167.1151247,4,346,371
1765305167.1151247,2,564,525
1765305167.1151247,86,489,538
1765305167.1151247,1,860,497
1765305167.1151247,136,336,181
1765305167.1151247,110,423,184
1765305167.1151247,114,331,250
1765305167.1151247,7,687,534
1765305167.1151247,161,312,162
1765305167.1151247,16,1051,666
1765305167.1151247,155,448,277
1765305167.1151247,96,361,292
1765305167.1151247,172,418,184
1765305167.1151247,154,883,489
1765305167.1151247,171,379,557
1765305167.1151247,50,324,298
1765305167.197,129,408,249
1765305167.197,86,489,538
1765305167.197,9,378,512
1765305167.197,1,859,498
1765305167.197,2,566,525
1765305167.197,4,346,370
1765305167.197,110,424,184
1765305167.197,136,340,180
1765305167.197,114,330,253
1765305167.197,7,687,533
1765305167.197,161,310,166
1765305167.197,16,1051,666
1765305167.197,155,446,274
1765305167.197,96,359,291
1765305167.197,50,321,297
1765305167.197,22,888,488
1765305167.197,171,380,556
1765305167.2551322,86,488,539
1765305167.2551322,1,857,498
1765305167.2551322,9,378,511
1765305167.2551322,2,568,525
1765305167.2551322,4,347,368
1765305167.2551322,129,400,252
1765305167.2551322,110,425,187
1765305167.2551322,114,332,255
1765305167.2551322,7,687,534
1765305167.2551322,16,1052,667
1765305167.2551322,161,309,169
1765305167.2551322,50,319,295
1765305167.2551322,22,892,485
1765305167.2551322,155,445,272
1765305167.2551322,96,357,290
1765305167.2551322,136,340,179
1765305167.2551322,171,379,555
1765305167.3168669,1,857,499
1765305167.3168669,2,573,524
1765305167.3168669,86,486,540
1765305167.3168669,9,377,510
1765305167.3168669,4,347,367
1765305167.3168669,129,392,254
1765305167.3168669,110,423,187
1765305167.3168669,7,687,532
1765305167.3168669,114,331,254
1765305167.3168669,16,1050,667
1765305167.3168669,22,892,484
1765305167.3168669,161,312,170
1765305167.3168669,155,441,261
1765305167.3168669,96,356,291
1765305167.3168669,171,378,556
1765305167.416238,2,574,524
1765305167.416238,1,857,499
1765305167.416238,86,482,540
1765305167.416238,9,378,509
1765305167.416238,4,346,364
1765305167.416238,110,424,186
1765305167.416238,114,332,255
1765305167.416238,129,390,254
1765305167.416238,7,687,532
1765305167.416238,155,439,260
1765305167.416238,22,893,482
1765305167.416238,161,312,173
1765305167.416238,16,1050,667
1765305167.416238,96,355,289
1765305167.416238,50,320,293
1765305167.416238,171,376,559
1765305167.4995518,1,854,499
1765305167.4995518,2,576,525
1765305167.4995518,86,482,541
1765305167.4995518,9,378,508
1765305167.4995518,4,346,362
1765305167.4995518,110,424,186
1765305167.4995518,129,383,255
1765305167.4995518,155,440,259
1765305167.4995518,7,687,532
1765305167.4995518,114,330,257
1765305167.4995518,22,894,483
1765305167.4995518,161,312,174
1765305167.4995518,16,1050,667
1765305167.4995518,96,356,289
1765305167.4995518,50,318,292
1765305167.4995518,171,376,559
1765305167.574098,1,853,500
1765305167.574098,2,579,525
1765305167.574098,86,483,542
1765305167.574098,9,378,507
1765305167.574098,4,347,362
1765305167.574098,110,425,187
1765305167.574098,129,382,256
1765305167.574098,155,440,257
1765305167.574098,114,331,259
1765305167.574098,22,893,482
1765305167.574098,7,687,532
1765305167.574098,16,1050,666
1765305167.574098,96,356,289
1765305167.574098,161,308,178
1765305167.574098,50,321,292
1765305167.574098,171,376,559
1765305167.6496308,2,580,524
1765305167.6496308,1,855,501
1765305167.6496308,9,378,507
1765305167.6496308,86,482,542
1765305167.6496308,4,346,360
1765305167.6496308,110,425,187
1765305167.6496308,155,441,256
1765305167.6496308,114,328,260
1765305167.6496308,22,893,481
1765305167.6496308,7,687,532
1765305167.6496308,129,378,257
1765305167.6496308,96,354,290
1765305167.6496308,16,1051,667
1765305167.6496308,161,313,179
1765305167.6496308,171,376,559
1765305167.7452137,9,378,506
1765305167.7452137,2,582,525
1765305167.7452137,1,855,501
1765305167.7452137,4,346,358
1765305167.7452137,86,485,541
1765305167.7452137,110,425,190
1765305167.7452137,129,373,258
1765305167.7452137,114,325,262
1765305167.7452137,155,442,255
1765305167.7452137,22,893,481
1765305167.7452137,7,687,534
1765305167.7452137,96,353,289
1765305167.7452137,16,1052,668
1765305167.7452137,161,313,181
1765305167.7452137,171,379,557
1765305167.8252988,9,379,504
1765305167.8252988,2,584,525
1765305167.8252988,1,854,501
1765305167.8252988,4,347,357
1765305167.8252988,22,893,479
1765305167.8252988,110,424,189
1765305167.8252988,86,487,541
1765305167.8252988,155,444,253
1765305167.8252988,114,320,261
1765305167.8252988,129,367,259
1765305167.8252988,7,687,533
1765305167.8252988,96,354,289
1765305167.8252988,16,1052,668
1765305167.8252988,161,313,187
1765305167.8803613,9,380,503
1765305167.8803613,1,852,501
1765305167.8803613,2,584,524
1765305167.8803613,4,347,356
1765305167.8803613,129,362,260
1765305167.8803613,110,424,188
1765305167.8803613,114,317,263
1765305167.8803613,155,444,252
1765305167.8803613,7,687,533
1765305167.8803613,86,487,540
1765305167.8803613,96,354,288
1765305167.8803613,16,1053,669
1765305167.8803613,176,325,222
1765305167.8803613,161,310,189
1765305167.8803613,50,317,292
1765305167.8803613,22,893,478
1765305167.9539704,1,854,503
1765305167.9539704,9,379,501
1765305167.9539704,2,590,525
1765305167.9539704,4,345,352
1765305167.9539704,22,891,478
1765305167.9539704,129,355,263
1765305167.9539704,155,444,251
1765305167.9539704,86,485,538
1765305167.9539704,110,424,189
1765305167.9539704,7,687,534
1765305167.9539704,114,319,262
1765305167.9539704,161,314,194
1765305167.9539704,16,1051,667
1765305167.9539704,50,317,292
1765305167.9539704,176,325,219
1765305167.9539704,96,353,290
1765305168.0238676,1,854,503
1765305168.0238676,2,591,525
1765305168.0238676,9,379,500
1765305168.0238676,4,346,352
1765305168.0238676,86,482,537
1765305168.0238676,129,346,263
1765305168.0238676,155,444,251
1765305168.0238676,22,889,477
1765305168.0238676,110,424,189
1765305168.0238676,7,687,533
1765305168.0238676,16,1052,667
1765305168.0238676,161,315,194
1765305168.0238676,114,335,261
1765305168.0238676,179,375,171
1765305168.0238676,50,312,289
1765305168.0238676,176,325,219
1765305168.0238676,178,328,161
1765305168.0238676,96,352,290
1765305168.0857754,2,593,524
1765305168.0857754,1,854,503
1765305168.0857754,86,479,536
1765305168.0857754,9,379,498
1765305168.0857754,4,345,351
1765305168.0857754,114,336,264
1765305168.0857754,22,887,476
1765305168.0857754,155,445,250
1765305168.0857754,110,424,189
1765305168.0857754,7,687,533
1765305168.0857754,161,316,194
1765305168.0857754,16,1052,667
1765305168.0857754,179,374,172
1765305168.0857754,50,313,290
1765305168.0857754,176,326,219
1765305168.0857754,178,328,161
1765305168.0857754,96,354,291
1765305168.1478162,2,596,525
1765305168.1478162,1,853,503
1765305168.1478162,86,479,534
1765305168.1478162,114,335,264
1765305168.1478162,9,379,497
1765305168.1478162,4,344,350
1765305168.1478162,22,884,475
1765305168.1478162,110,425,190
1765305168.1478162,155,445,250
1765305168.1478162,7,687,533
1765305168.1478162,161,318,193
1765305168.1478162,179,374,173
1765305168.1478162,16,1052,668
1765305168.1478162,176,326,219
1765305168.1478162,178,330,160
1765305168.1478162,96,354,290
1765305168.1478162,50,314,294
1765305168.2053564,2,599,525
1765305168.2053564,1,853,503
1765305168.2053564,9,379,496
1765305168.2053564,114,332,264
1765305168.2053564,22,884,473
1765305168.2053564,4,345,348
1765305168.2053564,155,446,249
1765305168.2053564,86,473,528
1765305168.2053564,110,425,190
1765305168.2053564,161,320,193
1765305168.2053564,7,687,533
1765305168.2053564,179,375,173
1765305168.2053564,50,320,293
1765305168.2053564,16,1051,668
1765305168.2053564,178,334,160
1765305168.2053564,96,354,289
1765305168.2654014,2,602,524
1765305168.2654014,1,853,504
1765305168.2654014,9,379,493
1765305168.2654014,86,471,527
1765305168.2654014,22,883,474
1765305168.2654014,155,446,248
1765305168.2654014,110,425,189
1765305168.2654014,4,345,347
1765305168.2654014,114,330,265
1765305168.2654014,7,687,532
1765305168.2654014,161,321,194
1765305168.2654014,179,375,173
1765305168.2654014,16,1053,668
1765305168.2654014,178,330,160
1765305168.2654014,50,328,291
1765305168.317009,1,852,504
1765305168.317009,9,380,492
1765305168.317009,2,603,522
1765305168.317009,22,883,471
1765305168.317009,4,347,345
1765305168.317009,86,468,525
1765305168.317009,110,424,189
1765305168.317009,155,446,246
1765305168.317009,7,687,532
1765305168.317009,114,330,264
1765305168.317009,161,322,195
1765305168.317009,179,375,175
1765305168.317009,16,1052,667
1765305168.317009,178,330,161
1765305168.358737,2,604,521
1765305168.358737,1,851,505
1765305168.358737,4,347,344
1765305168.358737,9,380,490
1765305168.358737,22,882,470
1765305168.358737,110,425,190
1765305168.358737,155,446,244
1765305168.358737,7,686,533
1765305168.358737,114,329,261
1765305168.358737,161,321,197
1765305168.358737,50,337,287
1765305168.358737,16,1052,668
1765305168.358737,179,377,169
1765305168.358737,178,331,163
1765305168.4127295,2,604,522
1765305168.4127295,1,850,506
1765305168.4127295,4,347,344
1765305168.4127295,9,380,489
1765305168.4127295,22,883,468
1765305168.4127295,110,425,190
1765305168.4127295,86,465,521
1765305168.4127295,7,687,532
1765305168.4127295,114,325,264
1765305168.4127295,155,447,243
1765305168.4127295,161,322,196
1765305168.4127295,129,326,279
1765305168.4127295,182,330,187
1765305168.4127295,16,1052,668
1765305168.4127295,179,377,170
1765305168.4127295,178,330,157
1765305168.4127295,183,375,160
1765305168.4127295,50,336,287
1765305168.454963,2,606,522
1765305168.454963,1,849,506
1765305168.454963,4,347,342
1765305168.454963,9,379,487
1765305168.454963,22,881,468
1765305168.454963,110,425,190
1765305168.454963,86,465,518
1765305168.454963,7,688,533
1765305168.454963,161,322,199
1765305168.454963,129,319,276
1765305168.454963,155,447,243
1765305168.454963,114,321,269
1765305168.454963,182,330,181
1765305168.454963,179,376,170
1765305168.454963,16,1053,669
1765305168.454963,183,374,162
1765305168.454963,178,330,159
1765305168.454963,50,344,287
1765305168.50521,2,609,521
1765305168.50521,4,347,342
1765305168.50521,1,849,506
1765305168.50521,9,379,484
1765305168.50521,22,878,467
1765305168.50521,110,425,190
1765305168.50521,161,323,200
1765305168.50521,86,466,516
1765305168.50521,129,315,275
1765305168.50521,7,687,533
1765305168.50521,155,447,243
1765305168.50521,16,1052,669
1765305168.50521,178,331,158
1765305168.50521,184,325,255
1765305168.50521,179,377,168
1765305168.50521,183,375,162
1765305168.5513372,2,610,521
1765305168.5513372,4,346,339
1765305168.5513372,1,849,506
1765305168.5513372,22,877,466
1765305168.5513372,110,425,190
1765305168.5513372,9,379,481
1765305168.5513372,86,463,510
1765305168.5513372,161,324,200
1765305168.5513372,7,687,533
1765305168.5513372,129,315,275
1765305168.5513372,16,1053,667
1765305168.5513372,155,449,242
1765305168.5513372,185,323,253
1765305168.5513372,182,329,188
1765305168.5513372,178,332,158
1765305168.5513372,184,322,257
1765305168.5513372,188,917,379
1765305168.5513372,179,378,168
1765305168.5513372,183,377,161
1765305168.5513372,114,320,266
1765305168.5973215,2,613,522
1765305168.5973215,4,346,339
1765305168.5973215,1,847,507
1765305168.5973215,22,876,466
1765305168.5973215,86,462,506
1765305168.5973215,9,379,480
1765305168.5973215,110,425,190
1765305168.5973215,7,687,533
1765305168.5973215,189,331,299
1765305168.5973215,161,325,198
1765305168.5973215,129,318,274
1765305168.5973215,16,1052,669
1765305168.5973215,188,914,383
1765305168.5973215,155,448,241
1765305168.5973215,179,378,167
1765305168.5973215,185,322,253
1765305168.5973215,178,331,155
1765305168.5973215,184,321,258
1765305168.6480756,2,615,522
1765305168.6480756,4,346,337
1765305168.6480756,1,846,507
1765305168.6480756,22,871,461
1765305168.6480756,9,378,477
1765305168.6480756,110,426,190
1765305168.6480756,189,331,300
1765305168.6480756,86,459,500
1765305168.6480756,188,914,383
1765305168.6480756,7,687,533
1765305168.6480756,129,319,273
1765305168.6480756,161,325,203
1765305168.6480756,178,332,152
1765305168.6480756,155,449,241
1765305168.6480756,179,377,168
1765305168.6480756,183,378,161
1765305168.6480756,16,1053,671
1765305168.6480756,114,323,269
1765305168.6480756,185,326,253
1765305168.6480756,184,325,259
1765305168.6978374,2,616,522
1765305168.6978374,1,845,507
1765305168.6978374,4,345,336
1765305168.6978374,22,870,461
1765305168.6978374,110,425,190
1765305168.6978374,9,379,476
1765305168.6978374,189,331,300
1765305168.6978374,86,460,497
1765305168.6978374,7,686,533
1765305168.6978374,178,334,152
1765305168.6978374,188,914,384
1765305168.6978374,129,318,273
1765305168.6978374,161,327,201
1765305168.6978374,155,448,242
1765305168.6978374,179,377,170
1765305168.6978374,114,322,268
1765305168.6978374,183,378,160
1765305168.6978374,16,1053,671
1765305168.6978374,184,325,260
1765305168.6978374,185,327,252
1765305168.7453556,4,343,332
1765305168.7453556,2,621,523
1765305168.7453556,1,845,507
1765305168.7453556,110,426,191
1765305168.7453556,22,868,462
1765305168.7453556,9,377,472
1765305168.7453556,129,318,274
1765305168.7453556,7,686,535
1765305168.7453556,178,335,151
1765305168.7453556,179,380,170
1765305168.7453556,189,332,302
1765305168.7453556,155,450,243
1765305168.7453556,161,327,210
1765305168.7453556,188,913,386
1765305168.7453556,16,1052,669
1765305168.7453556,86,462,490
1765305168.7453556,185,324,247
1765305168.799848,4,344,331
1765305168.799848,1,844,507
1765305168.799848,2,623,522
1765305168.799848,9,377,470
1765305168.799848,110,426,190
1765305168.799848,86,460,486
1765305168.799848,129,317,275
1765305168.799848,161,328,212
1765305168.799848,22,867,460
1765305168.799848,7,686,534
1765305168.799848,178,335,151
1765305168.799848,179,381,170
1765305168.799848,155,450,242
1765305168.799848,189,333,301
1765305168.799848,16,1051,667
1765305168.799848,188,914,389
1765305168.799848,185,324,249
1765305168.8513086,1,843,508
1765305168.8513086,2,625,522
1765305168.8513086,4,345,330
1765305168.8513086,9,377,468
1765305168.8513086,110,425,190
1765305168.8513086,161,330,214
1765305168.8513086,86,458,481
1765305168.8513086,178,335,151
1765305168.8513086,22,866,460
1765305168.8513086,129,317,275
1765305168.8513086,7,686,535
1765305168.8513086,179,381,170
1765305168.8513086,155,450,241
1765305168.8513086,114,320,268
1765305168.8513086,16,1053,668
1765305168.8513086,188,913,388
1765305168.911616,1,842,508
1765305168.911616,2,626,521
1765305168.911616,4,345,329
1765305168.911616,9,377,466
1765305168.911616,110,425,190
1765305168.911616,161,328,213
1765305168.911616,179,382,170
1765305168.911616,178,334,151
1765305168.911616,86,458,475
1765305168.911616,129,317,274
1765305168.911616,7,686,535
1765305168.911616,155,450,239
1765305168.911616,114,321,268
1765305168.911616,22,862,459
1765305168.911616,16,1051,668
1765305168.911616,188,912,384
1765305168.9753828,1,842,508
1765305168.9753828,2,629,521
1765305168.9753828,4,345,327
1765305168.9753828,9,378,464
1765305168.9753828,110,424,191
1765305168.9753828,161,330,213
1765305168.9753828,179,382,170
1765305168.9753828,178,334,152
1765305168.9753828,86,460,471
1765305168.9753828,7,686,534
1765305168.9753828,129,319,274
1765305168.9753828,155,451,238
1765305168.9753828,22,840,457
1765305168.9753828,114,321,270
1765305168.9753828,16,1052,667
1765305168.9753828,188,912,383
1765305169.0656898,1,841,508
1765305169.0656898,2,629,521
1765305169.0656898,86,459,467
1765305169.0656898,178,335,152
1765305169.0656898,4,344,327
1765305169.0656898,110,424,191
1765305169.0656898,161,329,212
1765305169.0656898,9,378,463
1765305169.0656898,179,383,170
1765305169.0656898,7,687,534
1765305169.0656898,129,314,274
1765305169.0656898,22,838,456
1765305169.0656898,155,451,238
1765305169.0656898,188,913,383
1765305169.0656898,16,1052,668
1765305169.0656898,114,319,268
1765305169.1205099,1,841,508
1765305169.1205099,2,633,520
1765305169.1205099,110,424,191
1765305169.1205099,178,337,152
1765305169.1205099,86,456,461
1765305169.1205099,161,329,212
1765305169.1205099,4,344,326
1765305169.1205099,22,836,456
1765305169.1205099,179,384,169
1765305169.1205099,9,378,459
1765305169.1205099,129,313,274
1765305169.1205099,7,688,534
1765305169.1205099,155,450,237
1765305169.1205099,16,1052,668
1765305169.1205099,188,913,382
1765305169.1205099,114,319,268
1765305169.1763577,161,331,212
1765305169.1763577,178,337,152
1765305169.1763577,2,633,520
1765305169.1763577,1,839,509
1765305169.1763577,4,345,329
1765305169.1763577,179,384,169
1765305169.1763577,110,426,190
1765305169.1763577,22,837,457
1765305169.1763577,86,455,457
1765305169.1763577,129,314,273
1765305169.1763577,9,379,457
1765305169.1763577,7,688,533
1765305169.1763577,155,447,237
1765305169.1763577,114,320,268
1765305169.1763577,191,381,236
1765305169.1763577,16,1050,669
1765305169.1763577,188,912,383
1765305169.235317,178,337,153
1765305169.235317,161,332,211
1765305169.235317,1,839,509
1765305169.235317,2,633,519
1765305169.235317,22,833,457
1765305169.235317,179,384,169
1765305169.235317,4,345,328
1765305169.235317,129,314,273
1765305169.235317,9,378,452
1765305169.235317,86,455,452
1765305169.235317,110,426,190
1765305169.235317,7,688,534
1765305169.235317,155,447,230
1765305169.235317,114,321,265
1765305169.235317,16,1050,667
1765305169.235317,188,913,382
1765305169.235317,191,379,234
1765305169.2804658,161,336,209
1765305169.2804658,178,337,153
1765305169.2804658,22,832,457
1765305169.2804658,1,839,509
1765305169.2804658,4,345,325
1765305169.2804658,129,314,272
1765305169.2804658,9,378,449
1765305169.2804658,155,445,231
1765305169.2804658,110,429,188
1765305169.2804658,179,386,169
1765305169.2804658,86,455,448
1765305169.2804658,7,688,534
1765305169.2804658,2,633,518
1765305169.2804658,114,320,267
1765305169.2804658,16,1051,668
1765305169.2804658,191,379,233
1765305169.2804658,188,912,382
1765305169.3288407,1,839,509
1765305169.3288407,178,338,154
1765305169.3288407,161,337,209
1765305169.3288407,22,827,457
1765305169.3288407,4,344,321
1765305169.3288407,110,432,187
1765305169.3288407,155,446,230
1765305169.3288407,9,379,448
1765305169.3288407,129,314,271
1765305169.3288407,86,454,446
1765305169.3288407,7,688,534
1765305169.3288407,179,387,168
1765305169.3288407,2,642,520
1765305169.3288407,114,322,265
1765305169.3288407,16,1052,669
1765305169.3288407,191,380,233
1765305169.3288407,188,911,383
1765305169.379255,4,345,319
1765305169.379255,1,839,509
1765305169.379255,22,826,458
1765305169.379255,161,337,207
1765305169.379255,9,379,443
1765305169.379255,110,433,187
1765305169.379255,155,445,229
1765305169.379255,178,337,155
1765305169.379255,86,454,441
1765305169.379255,129,317,271
1765305169.379255,7,688,534
1765305169.379255,179,387,168
1765305169.379255,2,648,519
1765305169.379255,114,325,260
1765305169.379255,184,335,255
1765305169.379255,16,1051,668
1765305169.379255,188,911,381
1765305169.379255,191,379,234
1765305169.457771,161,337,205
1765305169.457771,1,838,509
1765305169.457771,4,345,319
1765305169.457771,155,445,228
1765305169.457771,110,436,187
1765305169.457771,22,822,458
1765305169.457771,178,335,156
1765305169.457771,9,380,440
1765305169.457771,129,316,271
1765305169.457771,86,453,437
1765305169.457771,184,338,251
1765305169.457771,7,688,534
1765305169.457771,2,652,518
1765305169.457771,179,388,168
1765305169.457771,114,330,255
1765305169.457771,16,1051,667
1765305169.457771,188,911,382
1765305169.457771,191,381,235
1765305169.54511,161,338,205
1765305169.54511,1,838,509
1765305169.54511,4,344,320
1765305169.54511,155,442,227
1765305169.54511,110,440,186
1765305169.54511,22,820,458
1765305169.54511,178,333,157
1765305169.54511,9,381,439
1765305169.54511,129,316,271
1765305169.54511,2,654,518
1765305169.54511,86,454,432
1765305169.54511,184,337,250
1765305169.54511,7,687,534
1765305169.54511,179,389,169
1765305169.54511,16,1052,667
1765305169.54511,114,329,254
1765305169.54511,188,911,383
1765305169.54511,191,378,234
1765305169.607899,161,338,204
1765305169.607899,1,838,509
1765305169.607899,155,440,226
1765305169.607899,110,441,185
1765305169.607899,4,344,322
1765305169.607899,22,817,458
1765305169.607899,178,333,156
1765305169.607899,129,314,271
1765305169.607899,86,454,429
1765305169.607899,9,382,438
1765305169.607899,2,655,518
1765305169.607899,179,390,169
1765305169.607899,184,334,250
1765305169.607899,7,686,536
1765305169.607899,16,1052,667
1765305169.607899,191,378,233
1765305169.607899,114,326,254
1765305169.607899,188,912,383
1765305169.6690793,1,838,509
1765305169.6690793,155,438,225
1765305169.6690793,161,338,203
1765305169.6690793,22,812,459
1765305169.6690793,129,313,268
1765305169.6690793,86,451,425
1765305169.6690793,4,341,323
1765305169.6690793,110,440,184
1765305169.6690793,178,327,158
1765305169.6690793,9,381,435
1765305169.6690793,2,657,517
1765305169.6690793,191,375,228
1765305169.6690793,7,687,534
1765305169.6690793,179,395,169
1765305169.6690793,184,335,248
1765305169.6690793,16,1051,668
1765305169.6690793,188,909,384
1765305169.7350957,155,436,223
1765305169.7350957,1,838,509
1765305169.7350957,129,313,268
1765305169.7350957,22,807,459
1765305169.7350957,86,450,417
1765305169.7350957,161,339,202
1765305169.7350957,4,342,323
1765305169.7350957,110,440,184
1765305169.7350957,191,374,228
1765305169.7350957,9,381,431
1765305169.7350957,178,327,160
1765305169.7350957,7,687,533
1765305169.7350957,179,396,170
1765305169.7350957,184,335,248
1765305169.7350957,2,659,516
1765305169.7350957,16,1053,669
1765305169.7350957,188,910,383
1765305169.7813427,155,435,222
1765305169.7813427,1,837,509
1765305169.7813427,161,339,201
1765305169.7813427,22,799,459
1765305169.7813427,129,314,267
1765305169.7813427,191,374,227
1765305169.7813427,110,441,183
1765305169.7813427,86,450,413
1765305169.7813427,179,395,170
1765305169.7813427,9,381,428
1765305169.7813427,184,336,248
1765305169.7813427,4,343,319
1765305169.7813427,2,661,517
1765305169.7813427,7,687,534
1765305169.7813427,178,328,162
1765305169.7813427,189,337,325
1765305169.7813427,16,1051,667
1765305169.7813427,188,912,382
1765305169.8287365,155,434,221
1765305169.8287365,22,791,459
1765305169.8287365,1,836,510
1765305169.8287365,161,339,200
1765305169.8287365,129,315,266
1765305169.8287365,9,382,424
1765305169.8287365,191,374,227
1765305169.8287365,86,451,409
1765305169.8287365,110,442,183
1765305169.8287365,16,1050,666
1765305169.8287365,184,336,247
1765305169.8287365,179,396,169
1765305169.8287365,7,687,535
1765305169.8287365,2,661,516
1765305169.8287365,4,342,314
1765305169.8287365,178,328,162
1765305169.8287365,189,339,329
1765305169.8287365,188,910,381
1765305169.876966,155,432,221
1765305169.876966,1,836,510
1765305169.876966,22,788,459
1765305169.876966,161,339,199
1765305169.876966,129,315,266
1765305169.876966,86,450,407
1765305169.876966,9,382,422
1765305169.876966,191,374,227
1765305169.876966,110,448,184
1765305169.876966,4,341,312
1765305169.876966,184,336,246
1765305169.876966,178,328,162
1765305169.876966,7,687,538
1765305169.876966,179,399,169
1765305169.876966,2,663,514
1765305169.876966,16,1054,669
1765305169.876966,189,340,331
1765305169.9281793,1,836,510
1765305169.9281793,184,340,241
1765305169.9281793,22,778,459
1765305169.9281793,161,340,199
1765305169.9281793,155,427,220
1765305169.9281793,110,453,187
1765305169.9281793,129,313,265
1765305169.9281793,4,344,310
1765305169.9281793,189,344,342
1765305169.9281793,86,446,393
1765305169.9281793,179,399,169
1765305169.9281793,7,684,528
1765305169.9281793,9,385,419
1765305169.9281793,191,377,226
1765305169.9281793,96,330,283
1765305169.9281793,2,678,526
1765305169.9281793,194,663,565
1765305169.9281793,188,908,384
1765305169.9281793,16,1055,669
1765305169.974992,1,837,510
1765305169.974992,184,340,241
1765305169.974992,22,778,459
1765305169.974992,161,340,199
1765305169.974992,155,427,220
1765305169.974992,110,453,187
1765305169.974992,4,344,310
1765305169.974992,129,313,265
1765305169.974992,189,344,342
1765305169.974992,86,446,393
1765305169.974992,179,399,169
1765305169.974992,7,684,529
1765305169.974992,9,385,419
1765305169.974992,191,377,226
1765305169.974992,96,330,282
1765305169.974992,2,677,527
1765305169.974992,194,663,565
1765305169.974992,188,908,384
1765305169.974992,196,666,523
1765305169.974992,16,1055,669
1765305170.060711,1,836,510
1765305170.060711,184,338,239
1765305170.060711,22,772,459
1765305170.060711,4,343,309
1765305170.060711,179,399,170
1765305170.060711,110,460,188
1765305170.060711,129,313,265
1765305170.060711,155,423,218
1765305170.060711,189,346,345
1765305170.060711,86,448,390
1765305170.060711,161,341,198
1765305170.060711,7,684,530
1765305170.060711,194,663,566
1765305170.060711,9,385,416
1765305170.060711,96,330,282
1765305170.060711,2,677,525
1765305170.060711,188,908,384
1765305170.060711,191,374,225
1765305170.060711,16,1053,669
1765305170.060711,196,667,519
1765305170.1353636,1,836,510
1765305170.1353636,22,760,457
1765305170.1353636,110,462,192
1765305170.1353636,184,338,236
1765305170.1353636,4,343,309
1765305170.1353636,2,677,521
1765305170.1353636,86,446,382
1765305170.1353636,189,349,350
1765305170.1353636,9,387,406
1765305170.1353636,155,425,219
1765305170.1353636,129,318,263
1765305170.1353636,194,663,567
1765305170.1353636,179,400,169
1765305170.1353636,96,337,279
1765305170.1353636,161,343,200
1765305170.1353636,188,908,384
1765305170.1353636,16,1053,669
1765305170.1353636,191,368,222
1765305170.2418008,1,836,511
1765305170.2418008,22,760,457
1765305170.2418008,110,463,192
1765305170.2418008,184,338,236
1765305170.2418008,4,343,309
1765305170.2418008,2,677,521
1765305170.2418008,189,349,350
1765305170.2418008,86,446,382
1765305170.2418008,9,387,406
1765305170.2418008,155,425,220
1765305170.2418008,179,399,170
1765305170.2418008,129,318,263
1765305170.2418008,194,663,567
1765305170.2418008,96,337,279
1765305170.2418008,198,325,267
1765305170.2418008,161,340,201
1765305170.2418008,188,907,384
1765305170.2418008,16,1053,669
1765305170.2418008,191,369,219
1765305170.3287764,1,836,511
1765305170.3287764,22,757,456
1765305170.3287764,110,467,194
1765305170.3287764,86,444,379
1765305170.3287764,184,337,236
1765305170.3287764,4,341,308
1765305170.3287764,189,350,353
1765305170.3287764,9,387,405
1765305170.3287764,196,669,506
1765305170.3287764,2,676,517
1765305170.3287764,179,405,173
1765305170.3287764,194,663,567
1765305170.3287764,96,339,278
1765305170.3287764,129,310,262
1765305170.3287764,155,421,214
1765305170.3287764,161,339,198
1765305170.3287764,188,907,384
1765305170.3287764,16,1054,669
1765305170.3287764,191,369,222
1765305170.4352355,1,836,511
1765305170.4352355,110,472,196
1765305170.4352355,179,404,174
1765305170.4352355,22,743,453
1765305170.4352355,9,388,397
1765305170.4352355,189,349,357
1765305170.4352355,161,336,198
1765305170.4352355,86,444,368
1765305170.4352355,4,341,309
1765305170.4352355,2,680,520
1765305170.4352355,196,671,512
1765305170.4352355,155,422,214
1765305170.4352355,96,347,276
1765305170.4352355,184,336,233
1765305170.4352355,199,334,305
1765305170.4352355,129,314,262
1765305170.4352355,194,664,567
1765305170.4352355,188,909,383
1765305170.4352355,16,1050,668
1765305170.5368328,1,835,511
1765305170.5368328,110,472,196
1765305170.5368328,179,405,174
1765305170.5368328,22,742,453
1765305170.5368328,189,350,356
1765305170.5368328,9,388,397
1765305170.5368328,86,444,368
1765305170.5368328,4,342,309
1765305170.5368328,161,336,199
1765305170.5368328,196,670,510
1765305170.5368328,7,682,521
1765305170.5368328,155,422,215
1765305170.5368328,2,676,516
1765305170.5368328,96,344,276
1765305170.5368328,184,336,233
1765305170.5368328,199,334,305
1765305170.5368328,194,664,567
1765305170.5368328,188,909,382
1765305170.5368328,16,1050,668
1765305170.6020339,1,835,511
1765305170.6020339,161,338,198
1765305170.6020339,179,407,175
1765305170.6020339,22,732,449
1765305170.6020339,9,389,394
1765305170.6020339,86,444,365
1765305170.6020339,189,351,358
1765305170.6020339,110,478,198
1765305170.6020339,7,685,530
1765305170.6020339,196,666,497
1765305170.6020339,4,338,309
1765305170.6020339,184,341,235
1765305170.6020339,199,336,305
1765305170.6020339,155,417,213
1765305170.6020339,2,675,514
1765305170.6020339,96,355,272
1765305170.6020339,16,1054,668
1765305170.6020339,129,321,256
1765305170.6020339,194,663,569
1765305170.679541,1,835,510
1765305170.679541,179,408,176
1765305170.679541,22,720,447
1765305170.679541,161,337,199
1765305170.679541,196,664,486
1765305170.679541,9,389,392
1765305170.679541,86,442,359
1765305170.679541,189,348,361
1765305170.679541,110,487,202
1765305170.679541,7,686,532
1765305170.679541,96,358,270
1765305170.679541,199,334,304
1765305170.679541,184,337,233
1765305170.679541,155,420,214
1765305170.679541,16,1053,668
1765305170.679541,4,347,309
1765305170.7523372,1,835,510
1765305170.7523372,179,408,176
1765305170.7523372,161,337,199
1765305170.7523372,22,720,447
1765305170.7523372,196,664,486
1765305170.7523372,9,389,392
1765305170.7523372,86,442,359
1765305170.7523372,189,348,360
1765305170.7523372,7,687,533
1765305170.7523372,110,487,203
1765305170.7523372,96,358,270
1765305170.7523372,4,334,310
1765305170.7523372,199,334,304
1765305170.7523372,184,337,234
1765305170.7523372,155,420,214
1765305170.7523372,16,1053,668
1765305170.8154175,1,834,510
1765305170.8154175,196,662,484
1765305170.8154175,179,411,177
1765305170.8154175,22,713,444
1765305170.8154175,86,442,354
1765305170.8154175,161,337,199
1765305170.8154175,189,351,361
1765305170.8154175,9,390,391
1765305170.8154175,7,686,534
1765305170.8154175,4,334,310
1765305170.8154175,96,360,270
1765305170.8154175,184,338,232
1765305170.8154175,110,488,203
1765305170.8154175,155,421,215
1765305170.8154175,199,331,303
1765305170.8154175,16,1056,670
1765305170.8794975,196,662,479
1765305170.8794975,1,834,509
1765305170.8794975,22,701,436
1765305170.8794975,179,411,178
1765305170.8794975,161,339,198
1765305170.8794975,9,391,387
1765305170.8794975,184,329,232
1765305170.8794975,86,443,345
1765305170.8794975,7,686,535
1765305170.8794975,189,349,363
1765305170.8794975,96,360,274
1765305170.8794975,4,333,313
1765305170.8794975,198,351,275
1765305170.8794975,155,419,215
1765305170.8794975,199,344,295
1765305170.8794975,110,494,207
1765305170.8794975,16,1051,666
1765305170.94796,22,694,432
1765305170.94796,196,661,478
1765305170.94796,1,834,509
1765305170.94796,179,412,179
1765305170.94796,161,340,196
1765305170.94796,96,370,269
1765305170.94796,9,391,385
1765305170.94796,4,332,314
1765305170.94796,86,442,341
1765305170.94796,184,329,231
1765305170.94796,7,686,535
1765305170.94796,155,421,213
1765305170.94796,189,350,365
1765305170.94796,16,1047,666
1765305170.94796,198,363,271
1765305171.0169618,196,661,477
1765305171.0169618,22,694,433
1765305171.0169618,1,834,509
1765305171.0169618,179,412,179
1765305171.0169618,4,330,315
1765305171.0169618,96,372,270
1765305171.0169618,9,392,384
1765305171.0169618,161,340,197
1765305171.0169618,86,442,340
1765305171.0169618,184,328,231
1765305171.0169618,7,687,537
1765305171.0169618,155,421,213
1765305171.0169618,189,348,365
1765305171.0169618,16,1051,667
1765305171.0794644,1,834,509
1765305171.0794644,22,681,424
1765305171.0794644,196,655,471
1765305171.0794644,86,442,332
1765305171.0794644,96,371,269
1765305171.0794644,161,342,195
1765305171.0794644,9,393,383
1765305171.0794644,184,333,233
1765305171.0794644,7,685,533
1765305171.0794644,179,424,184
1765305171.0794644,155,421,214
1765305171.0794644,189,348,367
1765305171.0794644,4,331,317
1765305171.0794644,16,1051,669
1765305171.1418478,1,834,509
1765305171.1418478,196,654,467
1765305171.1418478,201,331,308
1765305171.1418478,22,674,420
1765305171.1418478,86,442,327
1765305171.1418478,96,372,268
1765305171.1418478,184,333,233
1765305171.1418478,9,394,382
1765305171.1418478,161,339,196
1765305171.1418478,7,685,534
1765305171.1418478,179,422,185
1765305171.1418478,4,331,318
1765305171.1418478,189,350,367
1765305171.1418478,155,421,213
1765305171.1418478,110,510,220
1765305171.1418478,202,324,324
1765305171.1418478,16,1052,669
1765305171.22783,1,834,509
1765305171.22783,196,654,467
1765305171.22783,201,330,307
1765305171.22783,22,674,420
1765305171.22783,86,442,327
1765305171.22783,96,372,269
1765305171.22783,161,338,195
1765305171.22783,184,333,233
1765305171.22783,9,394,380
1765305171.22783,7,685,534
1765305171.22783,179,423,185
1765305171.22783,189,350,367
1765305171.22783,4,330,315
1765305171.22783,155,420,213
1765305171.22783,202,325,322
1765305171.22783,110,510,220
1765305171.22783,16,1052,669
1765305171.2973788,196,653,459
1765305171.2973788,201,330,306
1765305171.2973788,1,834,509
1765305171.2973788,22,658,413
1765305171.2973788,161,338,191
1765305171.2973788,184,337,234
1765305171.2973788,179,428,191
1765305171.2973788,9,396,378
1765305171.2973788,86,443,324
1765305171.2973788,110,516,224
1765305171.2973788,7,685,534
1765305171.2973788,189,350,368
1765305171.2973788,202,318,332
1765305171.2973788,155,418,215
1765305171.2973788,16,1051,670
1765305171.2973788,96,382,266
1765305171.3600943,201,330,306
1765305171.3600943,1,834,509
1765305171.3600943,196,652,455
1765305171.3600943,22,651,410
1765305171.3600943,161,335,191
1765305171.3600943,96,387,262
1765305171.3600943,179,430,193
1765305171.3600943,184,334,233
1765305171.3600943,9,396,375
1765305171.3600943,86,442,319
1765305171.3600943,7,685,535
1765305171.3600943,110,522,227
1765305171.3600943,189,351,368
1765305171.3600943,202,316,339
1765305171.3600943,155,419,213
1765305171.3600943,16,1052,672
1765305171.415173,201,329,306
1765305171.415173,1,833,508
1765305171.415173,196,652,455
1765305171.415173,96,388,262
1765305171.415173,22,651,410
1765305171.415173,184,334,233
1765305171.415173,161,333,191
1765305171.415173,86,442,318
1765305171.415173,7,685,535
1765305171.415173,9,397,373
1765305171.415173,179,432,194
1765305171.415173,110,520,226
1765305171.415173,189,352,368
1765305171.415173,202,317,339
1765305171.415173,155,420,212
1765305171.415173,16,1051,673
1765305171.470175,201,326,306
1765305171.470175,1,833,508
1765305171.470175,196,647,447
1765305171.470175,22,636,400
1765305171.470175,184,332,232
1765305171.470175,96,391,260
1765305171.470175,86,442,312
1765305171.470175,7,686,535
1765305171.470175,110,524,229
1765305171.470175,9,398,372
1765305171.470175,161,330,187
1765305171.470175,202,319,341
1765305171.470175,189,351,365
1765305171.470175,179,436,197
1765305171.470175,16,1050,666
1765305171.470175,155,419,213
1765305171.5303419,201,325,307
1765305171.5303419,196,642,444
1765305171.5303419,1,833,508
1765305171.5303419,22,630,395
1765305171.5303419,184,334,232
1765305171.5303419,86,443,309
1765305171.5303419,161,330,187
1765305171.5303419,7,685,534
1765305171.5303419,96,391,258
1765305171.5303419,202,321,342
1765305171.5303419,9,396,372
1765305171.5303419,179,438,198
1765305171.5303419,110,527,235
1765305171.5303419,189,351,365
1765305171.5303419,16,1052,671
1765305171.5303419,155,421,212
1765305171.579379,201,324,306
1765305171.579379,196,642,444
1765305171.579379,1,832,508
1765305171.579379,22,628,394
1765305171.579379,161,330,186
1765305171.579379,86,443,309
1765305171.579379,184,335,232
1765305171.579379,7,684,534
1765305171.579379,96,392,256
1765305171.579379,179,441,198
1765305171.579379,202,322,344
1765305171.579379,9,398,367
1765305171.579379,110,531,240
1765305171.579379,189,351,363
1765305171.579379,155,420,211
1765305171.579379,16,1050,669
1765305171.6250348,201,323,305
1765305171.6250348,196,638,437
1765305171.6250348,1,831,508
1765305171.6250348,161,329,184
1765305171.6250348,86,443,304
1765305171.6250348,179,442,201
1765305171.6250348,7,683,535
1765305171.6250348,22,616,387
1765305171.6250348,202,320,353
1765305171.6250348,96,393,256
1765305171.6250348,184,342,233
1765305171.6250348,9,399,365
1765305171.6250348,110,532,242
1765305171.6250348,189,351,360
1765305171.6250348,114,334,232
1765305171.6250348,155,422,210
1765305171.6250348,16,1041,670
1765305171.6691103,201,322,305
1765305171.6691103,196,636,435
1765305171.6691103,1,831,508
1765305171.6691103,22,612,386
1765305171.6691103,161,329,184
1765305171.6691103,96,393,254
1765305171.6691103,202,320,354
1765305171.6691103,86,444,304
1765305171.6691103,7,683,535
1765305171.6691103,179,443,202
1765305171.6691103,114,332,230
1765305171.6691103,110,533,243
1765305171.6691103,9,399,364
1765305171.6691103,155,420,211
1765305171.6691103,189,351,360
1765305171.6691103,16,1044,668
1765305171.717792,201,320,305
1765305171.717792,1,830,508
1765305171.717792,196,635,433
1765305171.717792,96,394,254
1765305171.717792,161,330,184
1765305171.717792,7,684,535
1765305171.717792,86,444,303
1765305171.717792,202,321,356
1765305171.717792,22,609,384
1765305171.717792,179,443,204
1765305171.717792,114,333,229
1765305171.717792,110,534,244
1765305171.717792,9,400,362
1765305171.717792,189,351,360
1765305171.717792,16,1050,667
1765305171.7603786,201,319,306
1765305171.7603786,196,627,425
1765305171.7603786,22,598,376
1765305171.7603786,1,830,508
1765305171.7603786,96,397,250
1765305171.7603786,114,336,228
1765305171.7603786,161,330,182
1765305171.7603786,7,684,534
1765305171.7603786,202,323,360
1765305171.7603786,179,446,206
1765305171.7603786,9,400,362
1765305171.7603786,86,444,300
1765305171.7603786,110,538,247
1765305171.7603786,189,353,359
1765305171.7603786,155,421,211
1765305171.7603786,16,1051,670
1765305171.8064733,201,319,307
1765305171.8064733,196,623,420
1765305171.8064733,22,595,374
1765305171.8064733,1,830,508
1765305171.8064733,161,332,182
1765305171.8064733,96,397,250
1765305171.8064733,114,337,226
1765305171.8064733,202,323,360
1765305171.8064733,7,684,534
1765305171.8064733,9,400,362
1765305171.8064733,110,542,248
1765305171.8064733,86,444,298
1765305171.8064733,189,354,356
1765305171.8064733,179,449,211
1765305171.8064733,155,420,214
1765305171.8064733,16,1052,671
1765305171.8551931,196,619,418
1765305171.8551931,201,320,308
1765305171.8551931,161,329,181
1765305171.8551931,1,829,508
1765305171.8551931,96,397,247
1765305171.8551931,22,591,371
1765305171.8551931,114,336,226
1765305171.8551931,86,443,295
1765305171.8551931,9,401,362
1765305171.8551931,7,683,534
1765305171.8551931,202,325,363
1765305171.8551931,110,543,248
1765305171.8551931,155,421,215
1765305171.8551931,179,449,208
1765305171.8551931,189,353,356
1765305171.8551931,16,1052,671
1765305171.9414515,201,319,308
1765305171.9414515,196,616,414
1765305171.9414515,1,829,507
1765305171.9414515,161,332,180
1765305171.9414515,7,683,536
1765305171.9414515,22,584,367
1765305171.9414515,96,397,247
1765305171.9414515,155,422,215
1765305171.9414515,86,444,293
1765305171.9414515,114,333,226
1765305171.9414515,9,403,356
1765305171.9414515,110,548,256
1765305171.9414515,179,460,212
1765305171.9414515,202,328,364
1765305171.9414515,189,353,353
1765305171.9414515,16,1051,669
1765305172.0255713,201,319,308
1765305172.0255713,1,828,507
1765305172.0255713,161,332,179
1765305172.0255713,196,613,410
1765305172.0255713,7,683,536
1765305172.0255713,96,397,246
1765305172.0255713,189,354,348
1765305172.0255713,22,577,362
1765305172.0255713,202,326,370
1765305172.0255713,86,444,293
1765305172.0255713,9,404,354
1765305172.0255713,155,422,215
1765305172.0255713,114,333,226
1765305172.0255713,110,549,256
1765305172.0255713,179,462,214
1765305172.0255713,16,1051,668
1765305172.1162088,201,318,307
1765305172.1162088,1,828,507
1765305172.1162088,161,332,177
1765305172.1162088,196,608,406
1765305172.1162088,22,574,359
1765305172.1162088,189,354,347
1765305172.1162088,7,683,536
1765305172.1162088,96,397,245
1765305172.1162088,202,330,370
1765305172.1162088,110,552,260
1765305172.1162088,114,334,225
1765305172.1162088,9,404,352
1765305172.1162088,86,444,292
1765305172.1162088,179,462,216
1765305172.1162088,155,421,215
1765305172.1162088,16,1054,668
1765305172.198856,161,331,176
1765305172.198856,196,606,404
1765305172.198856,1,828,506
1765305172.198856,201,318,306
1765305172.198856,189,354,346
1765305172.198856,7,683,535
1765305172.198856,22,566,355
1765305172.198856,110,554,262
1765305172.198856,96,397,243
1765305172.198856,86,445,289
1765305172.198856,155,424,218
1765305172.198856,9,404,350
1765305172.198856,202,325,372
1765305172.198856,114,335,224
1765305172.198856,16,1053,668
1765305172.198856,179,464,218
1765305172.2833152,196,603,401
1765305172.2833152,1,828,506
1765305172.2833152,161,332,175
1765305172.2833152,189,355,345
1765305172.2833152,22,562,353
1765305172.2833152,201,318,305
1765305172.2833152,7,683,534
1765305172.2833152,110,556,263
1765305172.2833152,86,445,287
1765305172.2833152,9,405,349
1765305172.2833152,155,425,221
1765305172.2833152,96,399,240
1765305172.2833152,202,323,374
1765305172.2833152,114,325,214
1765305172.2833152,179,466,221
1765305172.2833152,16,1053,670
1765305172.363145,196,601,400
1765305172.363145,1,828,506
1765305172.363145,161,330,174
1765305172.363145,201,318,304
1765305172.363145,189,355,343
1765305172.363145,7,683,534
1765305172.363145,110,556,263
1765305172.363145,22,556,352
1765305172.363145,96,400,239
1765305172.363145,86,445,286
1765305172.363145,202,322,376
1765305172.363145,9,405,348
1765305172.363145,155,426,222
1765305172.363145,114,325,213
1765305172.363145,179,468,221
1765305172.363145,16,1054,670
1765305172.409407,196,599,396
1765305172.409407,1,827,505
1765305172.409407,96,399,238
1765305172.409407,22,552,349
1765305172.409407,201,316,303
1765305172.409407,7,682,534
1765305172.409407,189,355,341
1765305172.409407,161,329,174
1765305172.409407,110,561,266
1765305172.409407,86,445,284
1765305172.409407,202,322,376
1765305172.409407,9,406,345
1765305172.409407,155,427,221
1765305172.409407,179,472,227
1765305172.409407,114,329,214
1765305172.409407,16,1053,668
1765305172.4651086,196,597,394
1765305172.4651086,1,828,504
1765305172.4651086,96,399,240
1765305172.4651086,201,318,303
1765305172.4651086,22,550,348
1765305172.4651086,7,682,533
1765305172.4651086,189,355,340
1765305172.4651086,161,334,173
1765305172.4651086,9,406,345
1765305172.4651086,155,437,225
1765305172.4651086,110,563,275
1765305172.4651086,86,447,284
1765305172.4651086,202,322,377
1765305172.4651086,114,328,213
1765305172.4651086,16,1054,668
1765305172.4651086,179,474,230
1765305172.516477,196,593,391
1765305172.516477,1,828,504
1765305172.516477,96,402,240
1765305172.516477,201,317,304
1765305172.516477,22,541,342
1765305172.516477,155,435,225
1765305172.516477,161,334,173
1765305172.516477,110,567,279
1765305172.516477,7,682,535
1765305172.516477,9,407,345
1765305172.516477,189,355,338
1765305172.516477,202,324,377
1765305172.516477,86,448,282
1765305172.516477,114,330,214
1765305172.516477,16,1053,668
1765305172.516477,179,478,233
1765305172.5650973,1,828,504
1765305172.5650973,96,402,240
1765305172.5650973,196,591,387
1765305172.5650973,201,317,305
1765305172.5650973,86,449,282
1765305172.5650973,110,568,279
1765305172.5650973,22,537,339
1765305172.5650973,7,682,534
1765305172.5650973,189,356,337
1765305172.5650973,9,407,344
1765305172.5650973,161,333,172
1765305172.5650973,202,324,377
1765305172.5650973,114,330,217
1765305172.5650973,155,442,228
1765305172.5650973,179,480,235
1765305172.5650973,16,1054,670
1765305172.6207113,1,827,503
1765305172.6207113,196,589,385
1765305172.6207113,201,318,306
1765305172.6207113,86,449,282
1765305172.6207113,22,538,338
1765305172.6207113,9,407,343
1765305172.6207113,7,682,533
1765305172.6207113,110,569,277
1765305172.6207113,96,404,240
1765305172.6207113,114,331,217
1765305172.6207113,161,336,171
1765305172.6207113,189,356,334
1765305172.6207113,202,324,377
1765305172.6207113,179,480,236
1765305172.6207113,155,440,229
1765305172.6207113,16,1051,668
1765305172.6808536,1,827,503
1765305172.6808536,196,587,384
1765305172.6808536,110,572,280
1765305172.6808536,86,450,282
1765305172.6808536,9,407,339
1765305172.6808536,7,682,535
1765305172.6808536,96,407,240
1765305172.6808536,114,329,212
1765305172.6808536,22,538,334
1765305172.6808536,201,320,305
1765305172.6808536,202,324,376
1765305172.6808536,155,443,227
1765305172.6808536,189,359,331
1765305172.6808536,179,482,241
1765305172.6808536,4,329,314
1765305172.6808536,161,330,167
1765305172.6808536,16,1053,668
1765305172.7255251,1,827,503
1765305172.7255251,110,575,282
1765305172.7255251,196,585,381
1765305172.7255251,86,452,280
1765305172.7255251,9,407,338
1765305172.7255251,114,330,212
1765305172.7255251,7,682,534
1765305172.7255251,4,337,323
1765305172.7255251,22,526,329
1765305172.7255251,96,416,242
1765305172.7255251,202,324,375
1765305172.7255251,179,480,238
1765305172.7255251,201,316,306
1765305172.7255251,210,321,162
1765305172.7255251,161,331,169
1765305172.7255251,16,1053,668
1765305172.7255251,155,439,227
1765305172.7255251,189,361,333
1765305172.7769349,1,826,501
1765305172.7769349,86,452,279
1765305172.7769349,196,584,379
1765305172.7769349,110,577,281
1765305172.7769349,9,408,336
1765305172.7769349,7,682,533
1765305172.7769349,114,330,210
1765305172.7769349,4,339,322
1765305172.7769349,22,520,328
1765305172.7769349,179,481,241
1765305172.7769349,96,418,243
1765305172.7769349,202,325,376
1765305172.7769349,201,314,298
1765305172.7769349,210,321,162
1765305172.7769349,155,437,225
1765305172.7769349,161,328,164
1765305172.7769349,16,1054,668
1765305172.8234382,1,825,501
1765305172.8234382,86,453,279
1765305172.8234382,196,583,378
1765305172.8234382,110,579,283
1765305172.8234382,9,408,336
1765305172.8234382,179,483,241
1765305172.8234382,7,682,533
1765305172.8234382,4,340,325
1765305172.8234382,22,515,325
1765305172.8234382,114,330,211
1765305172.8234382,202,326,375
1765305172.8234382,201,312,298
1765305172.8234382,161,329,164
1765305172.8234382,155,433,225
1765305172.8234382,96,419,243
1765305172.8653643,1,824,500
1765305172.8653643,4,337,331
1765305172.8653643,196,579,375
1765305172.8653643,22,512,323
1765305172.8653643,9,409,335
1765305172.8653643,86,455,278
1765305172.8653643,161,327,162
1765305172.8653643,7,682,534
1765305172.8653643,110,587,287
1765305172.8653643,179,485,243
1765305172.8653643,114,330,210
1765305172.8653643,155,432,226
1765305172.8653643,202,328,374
1765305172.8653643,201,313,297
1765305172.8653643,16,1052,668
1765305172.8653643,96,421,242
1765305172.9136348,1,824,501
1765305172.9136348,196,579,374
1765305172.9136348,9,411,333
1765305172.9136348,4,338,333
1765305172.9136348,22,510,321
1765305172.9136348,110,591,290
1765305172.9136348,7,682,534
1765305172.9136348,86,458,278
1765305172.9136348,179,487,244
1765305172.9136348,161,326,162
1765305172.9136348,201,313,296
1765305172.9136348,114,326,205
1765305172.9136348,155,433,226
1765305172.9136348,16,1053,667
1765305172.9136348,216,355,196
1765305172.9136348,215,429,228
1765305172.9136348,96,423,242
1765305172.9136348,202,329,373
1765305172.9567442,1,823,500
1765305172.9567442,196,578,371
1765305172.9567442,9,411,332
1765305172.9567442,110,592,291
1765305172.9567442,7,682,534
1765305172.9567442,22,504,318
1765305172.9567442,4,337,336
1765305172.9567442,86,460,278
1765305172.9567442,201,313,293
1765305172.9567442,161,327,162
1765305172.9567442,114,327,205
1765305172.9567442,179,489,245
1765305172.9567442,155,432,225
1765305172.9567442,216,357,199
1765305172.9567442,16,1053,670
1765305172.9567442,189,365,321
1765305172.9567442,96,428,241
1765305173.0059617,1,823,500
1765305173.0059617,9,413,330
1765305173.0059617,110,597,292
1765305173.0059617,196,577,370
1765305173.0059617,7,682,534
1765305173.0059617,22,502,318
1765305173.0059617,4,336,338
1765305173.0059617,114,327,203
1765305173.0059617,201,313,294
1765305173.0059617,161,327,162
1765305173.0059617,86,460,278
1765305173.0059617,155,434,224
1765305173.0059617,179,492,248
1765305173.0059617,216,358,200
1765305173.0059617,219,494,254
1765305173.0059617,189,365,318
1765305173.0059617,16,1054,671
1765305173.0552268,9,414,327
1765305173.0552268,1,823,500
1765305173.0552268,196,576,368
1765305173.0552268,22,499,314
1765305173.0552268,7,681,533
1765305173.0552268,161,328,161
1765305173.0552268,86,465,280
1765305173.0552268,114,328,203
1765305173.0552268,201,314,293
1765305173.0552268,110,601,294
1765305173.0552268,4,334,342
1765305173.0552268,155,435,223
1765305173.0552268,189,365,314
1765305173.0552268,179,493,249
1765305173.0552268,219,497,255
1765305173.0552268,216,358,200
1765305173.0552268,16,1053,670
1765305173.100355,9,413,328
1765305173.100355,1,823,499
1765305173.100355,196,576,366
1765305173.100355,22,495,312
1765305173.100355,7,681,534
1765305173.100355,161,326,160
1765305173.100355,201,314,294
1765305173.100355,110,608,295
1765305173.100355,114,329,204
1765305173.100355,4,330,345
1765305173.100355,86,471,279
1765305173.100355,155,436,223
1765305173.100355,179,492,252
1765305173.100355,216,357,200
1765305173.100355,189,365,310
1765305173.100355,16,1050,670
1765305173.1486423,9,417,327
1765305173.1486423,1,823,499
1765305173.1486423,196,578,366
1765305173.1486423,201,313,292
1765305173.1486423,7,682,533
1765305173.1486423,22,493,312
1765305173.1486423,189,366,308
1765305173.1486423,161,328,161
1765305173.1486423,110,610,296
1765305173.1486423,114,329,204
1765305173.1486423,4,330,346
1765305173.1486423,155,436,218
1765305173.1486423,219,494,257
1765305173.1486423,16,1053,669
1765305173.1486423,216,357,200
1765305173.1486423,86,474,279
1765305173.1950643,9,418,326
1765305173.1950643,1,822,499
1765305173.1950643,22,492,309
1765305173.1950643,196,578,364
1765305173.1950643,201,312,290
1765305173.1950643,7,681,533
1765305173.1950643,189,366,308
1765305173.1950643,4,328,348
1765305173.1950643,114,329,203
1765305173.1950643,110,614,296
1765305173.1950643,161,329,162
1765305173.1950643,16,1053,667
1765305173.1950643,155,442,217
1765305173.1950643,221,375,177
1765305173.1950643,216,359,200
1765305173.1950643,220,517,275
1765305173.1950643,202,333,373
1765305173.1950643,219,490,263
1765305173.2451081,1,823,499
1765305173.2451081,9,417,324
1765305173.2451081,22,488,307
1765305173.2451081,196,576,361
1765305173.2451081,201,313,291
1765305173.2451081,7,681,531
1765305173.2451081,110,617,299
1765305173.2451081,4,329,348
1765305173.2451081,114,328,201
1765305173.2451081,189,367,307
1765305173.2451081,155,441,216
1765305173.2451081,202,337,374
1765305173.2451081,16,1054,669
1765305173.2451081,179,502,265
1765305173.2451081,161,328,160
1765305173.2451081,221,374,182
1765305173.2451081,219,494,265
1765305173.2939613,1,822,498
1765305173.2939613,9,418,323
1765305173.2939613,110,619,300
1765305173.2939613,196,576,361
1765305173.2939613,22,489,308
1765305173.2939613,201,311,291
1765305173.2939613,7,681,532
1765305173.2939613,114,328,201
1765305173.2939613,4,330,349
1765305173.2939613,202,337,373
1765305173.2939613,189,369,299
1765305173.2939613,155,440,214
1765305173.2939613,221,374,183
1765305173.2939613,179,511,269
1765305173.2939613,220,515,272
1765305173.2939613,16,1053,670
1765305173.2939613,161,327,159
1765305173.2939613,219,495,268
1765305173.355272,1,823,498
1765305173.355272,9,418,323
1765305173.355272,22,486,306
1765305173.355272,196,575,360
1765305173.355272,201,312,290
1765305173.355272,7,681,532
1765305173.355272,110,620,301
1765305173.355272,4,330,350
1765305173.355272,202,336,373
1765305173.355272,114,328,199
1765305173.355272,189,369,297
1765305173.355272,16,1054,669
1765305173.355272,220,517,275
1765305173.355272,179,514,273
1765305173.355272,161,327,160
1765305173.355272,155,443,214
1765305173.4150932,9,419,321
1765305173.4150932,1,822,497
1765305173.4150932,196,575,359
1765305173.4150932,201,312,288
1765305173.4150932,4,330,349
1765305173.4150932,22,479,304
1765305173.4150932,7,681,532
1765305173.4150932,110,622,303
1765305173.4150932,202,336,372
1765305173.4150932,155,441,211
1765305173.4150932,114,328,201
1765305173.4150932,179,517,276
1765305173.4150932,189,368,293
1765305173.4150932,223,473,267
1765305173.4150932,16,1053,668
1765305173.4150932,161,327,160
1765305173.4150932,224,365,193
1765305173.4150932,216,361,197
1765305173.4749305,1,822,497
1765305173.4749305,9,419,320
1765305173.4749305,196,574,357
1765305173.4749305,22,477,302
1765305173.4749305,110,624,304
1765305173.4749305,201,312,288
1765305173.4749305,202,336,371
1765305173.4749305,4,328,350
1765305173.4749305,7,680,533
1765305173.4749305,219,506,275
1765305173.4749305,189,367,290
1765305173.4749305,114,328,200
1765305173.4749305,155,440,212
1765305173.4749305,16,1053,671
1765305173.4749305,216,359,197
1765305173.4749305,224,374,190
1765305173.4749305,161,324,159
1765305173.5352607,22,474,301
1765305173.5352607,196,573,357
1765305173.5352607,1,822,497
1765305173.5352607,9,419,319
1765305173.5352607,110,626,304
1765305173.5352607,202,336,371
1765305173.5352607,4,328,350
1765305173.5352607,201,312,287
1765305173.5352607,7,680,533
1765305173.5352607,219,512,277
1765305173.5352607,189,367,286
1765305173.5352607,114,328,199
1765305173.5352607,155,440,212
1765305173.5352607,224,376,185
1765305173.5352607,16,1052,668
1765305173.5352607,225,502,274
1765305173.5352607,161,324,158
1765305173.5352607,216,356,199
1765305173.5792239,1,821,496
1765305173.5792239,196,572,355
1765305173.5792239,9,420,318
1765305173.5792239,202,337,370
1765305173.5792239,22,469,298
1765305173.5792239,201,313,287
1765305173.5792239,7,681,533
1765305173.5792239,4,329,349
1765305173.5792239,110,634,305
1765305173.5792239,189,367,286
1765305173.5792239,219,517,282
1765305173.5792239,155,440,210
1765305173.5792239,225,513,274
1765305173.5792239,114,327,196
1765305173.5792239,224,380,186
1765305173.5792239,179,519,290
1765305173.5792239,161,324,155
1765305173.5792239,16,1052,670
1765305173.5792239,216,362,201
1765305173.6294923,1,820,495
1765305173.6294923,196,570,353
1765305173.6294923,9,421,318
1765305173.6294923,110,640,307
1765305173.6294923,7,681,533
1765305173.6294923,202,339,369
1765305173.6294923,201,312,287
1765305173.6294923,224,381,188
1765305173.6294923,219,514,284
1765305173.6294923,155,443,210
1765305173.6294923,4,332,347
1765305173.6294923,189,368,283
1765305173.6294923,114,330,197
1765305173.6294923,161,326,153
1765305173.6294923,22,462,294
1765305173.6294923,16,1051,671
1765305173.679567,196,570,353
1765305173.679567,1,820,496
1765305173.679567,202,342,368
1765305173.679567,9,421,318
1765305173.679567,7,681,533
1765305173.679567,110,643,309
1765305173.679567,219,518,286
1765305173.679567,201,312,286
1765305173.679567,22,453,291
1765305173.679567,155,443,211
1765305173.679567,224,384,192
1765305173.679567,4,332,345
1765305173.679567,189,368,281
1765305173.679567,114,328,196
1765305173.679567,161,327,154
1765305173.679567,16,1052,669
1765305173.7391632,196,572,351
1765305173.7391632,1,819,495
1765305173.7391632,202,343,368
1765305173.7391632,9,421,318
1765305173.7391632,201,309,282
1765305173.7391632,7,680,534
1765305173.7391632,219,521,288
1765305173.7391632,22,451,287
1765305173.7391632,110,647,309
1765305173.7391632,155,448,212
1765305173.7391632,224,386,193
1765305173.7391632,189,367,275
1765305173.7391632,4,330,343
1765305173.7391632,114,329,197
1765305173.7391632,161,326,154
1765305173.7391632,16,1051,668
1765305173.8360956,1,820,495
1765305173.8360956,196,574,350
1765305173.8360956,202,345,367
1765305173.8360956,9,421,317
1765305173.8360956,219,525,293
1765305173.8360956,7,680,533
1765305173.8360956,22,450,285
1765305173.8360956,201,311,282
1765305173.8360956,155,449,211
1765305173.8360956,224,385,192
1765305173.8360956,110,651,312
1765305173.8360956,189,367,271
1765305173.8360956,4,329,341
1765305173.8360956,161,327,155
1765305173.8360956,114,328,197
1765305173.8360956,16,1053,670
1765305173.9184487,1,820,495
1765305173.9184487,202,348,367
1765305173.9184487,196,576,349
1765305173.9184487,9,422,316
1765305173.9184487,22,450,284
1765305173.9184487,7,680,533
1765305173.9184487,201,310,281
1765305173.9184487,155,458,210
1765305173.9184487,110,653,313
1765305173.9184487,224,385,194
1765305173.9184487,219,523,297
1765305173.9184487,189,368,269
1765305173.9184487,114,328,197
1765305173.9184487,161,328,156
1765305173.9184487,4,327,340
1765305173.9184487,16,1051,668
1765305174.0054364,1,819,494
1765305174.0054364,9,422,315
1765305174.0054364,202,348,367
1765305174.0054364,196,576,348
1765305174.0054364,7,680,533
1765305174.0054364,110,656,314
1765305174.0054364,201,309,280
1765305174.0054364,22,448,283
1765305174.0054364,155,461,211
1765305174.0054364,4,333,344
1765305174.0054364,224,384,194
1765305174.0054364,189,367,264
1765305174.0054364,161,331,155
1765305174.0054364,114,328,198
1765305174.0054364,219,527,297
1765305174.0054364,16,1054,671
1765305174.058106,1,819,494
1765305174.058106,202,350,368
1765305174.058106,110,660,316
1765305174.058106,9,422,314
1765305174.058106,196,576,347
1765305174.058106,7,679,533
1765305174.058106,201,309,278
1765305174.058106,22,450,283
1765305174.058106,219,535,297
1765305174.058106,4,332,342
1765305174.058106,224,388,200
1765305174.058106,189,367,263
1765305174.058106,161,331,154
1765305174.058106,114,327,198
1765305174.058106,155,465,212
1765305174.058106,16,1052,672
1765305174.1003618,1,820,494
1765305174.1003618,9,423,313
1765305174.1003618,110,663,317
1765305174.1003618,202,351,367
1765305174.1003618,196,577,346
1765305174.1003618,7,679,533
1765305174.1003618,201,307,277
1765305174.1003618,22,447,281
1765305174.1003618,224,387,201
1765305174.1003618,4,333,341
1765305174.1003618,189,367,262
1765305174.1003618,219,551,298
1765305174.1003618,114,327,196
1765305174.1003618,161,330,153
1765305174.1003618,155,473,215
1765305174.1003618,16,1053,671
1765305174.1478784,9,423,311
1765305174.1478784,1,820,494
1765305174.1478784,201,309,277
1765305174.1478784,110,666,319
1765305174.1478784,196,574,345
1765305174.1478784,7,678,533
1765305174.1478784,224,389,205
1765305174.1478784,189,368,260
1765305174.1478784,202,359,360
1765305174.1478784,22,444,278
1765305174.1478784,219,559,297
1765305174.1478784,4,335,338
1765305174.1478784,114,326,199
1765305174.1478784,161,329,155
1765305174.1478784,16,1052,667
1765305174.1478784,155,477,215
1765305174.195248,9,423,310
1765305174.195248,1,820,494
1765305174.195248,224,390,205
1765305174.195248,201,307,277
1765305174.195248,7,678,535
1765305174.195248,110,673,318
1765305174.195248,196,574,342
1765305174.195248,219,556,300
1765305174.195248,202,363,359
1765305174.195248,22,442,274
1765305174.195248,189,369,258
1765305174.195248,4,326,338
1765305174.195248,155,483,216
1765305174.195248,114,325,201
1765305174.195248,161,327,154
1765305174.195248,16,1053,667
1765305174.2412348,9,423,311
1765305174.2412348,1,820,494
1765305174.2412348,201,306,274
1765305174.2412348,224,390,205
1765305174.2412348,110,676,321
1765305174.2412348,219,559,299
1765305174.2412348,7,678,535
1765305174.2412348,4,328,339
1765305174.2412348,196,572,341
1765305174.2412348,202,367,358
1765305174.2412348,22,443,274
1765305174.2412348,155,483,215
1765305174.2412348,16,1052,666
1765305174.2412348,114,325,202
1765305174.2412348,189,370,258
1765305174.2412348,161,325,154
1765305174.2876844,9,423,310
1765305174.2876844,224,390,205
1765305174.2876844,4,327,335
1765305174.2876844,202,370,355
1765305174.2876844,1,819,493
1765305174.2876844,201,307,274
1765305174.2876844,219,564,300
1765305174.2876844,110,676,322
1765305174.2876844,7,678,534
1765305174.2876844,22,449,274
1765305174.2876844,196,573,342
1765305174.2876844,16,1051,665
1765305174.2876844,189,369,255
1765305174.2876844,161,325,154
1765305174.2876844,114,323,202
1765305174.2876844,155,490,215
1765305174.3285947,9,423,310
1765305174.3285947,110,687,323
1765305174.3285947,1,820,493
1765305174.3285947,201,306,274
1765305174.3285947,224,391,207
1765305174.3285947,202,374,352
1765305174.3285947,219,574,301
1765305174.3285947,4,327,332
1765305174.3285947,7,678,535
1765305174.3285947,196,574,342
1765305174.3285947,22,450,274
1765305174.3285947,114,324,202
1765305174.3285947,155,491,216
1765305174.3285947,161,325,156
1765305174.3285947,16,1050,668
1765305174.3285947,189,369,248
1765305174.3789017,9,425,309
1765305174.3789017,201,306,273
1765305174.3789017,1,820,493
1765305174.3789017,110,690,324
1765305174.3789017,219,582,305
1765305174.3789017,224,392,208
1765305174.3789017,196,574,343
1765305174.3789017,7,679,535
1765305174.3789017,202,377,351
1765305174.3789017,4,330,329
1765305174.3789017,114,326,204
1765305174.3789017,22,447,274
1765305174.3789017,16,1051,668
1765305174.3789017,161,325,161
1765305174.3789017,189,368,243
1765305174.3789017,155,501,216
1765305174.4267013,9,424,308
1765305174.4267013,201,305,271
1765305174.4267013,1,819,493
1765305174.4267013,110,692,325
1765305174.4267013,224,391,207
1765305174.4267013,219,583,305
1765305174.4267013,7,678,534
1765305174.4267013,202,381,349
1765305174.4267013,196,575,343
1765305174.4267013,22,442,267
1765305174.4267013,4,331,327
1765305174.4267013,114,328,205
1765305174.4267013,189,367,241
1765305174.4267013,229,446,271
1765305174.4267013,230,382,175
1765305174.4267013,161,323,162
1765305174.4267013,155,501,217
1765305174.4267013,16,1052,669
1765305174.4755867,9,424,308
1765305174.4755867,201,304,269
1765305174.4755867,110,694,327
1765305174.4755867,202,391,347
1765305174.4755867,1,819,493
1765305174.4755867,224,394,209
1765305174.4755867,7,678,535
1765305174.4755867,219,593,306
1765305174.4755867,114,331,204
1765305174.4755867,196,580,346
1765305174.4755867,229,444,264
1765305174.4755867,4,329,327
1765305174.4755867,189,369,240
1765305174.4755867,155,516,223
1765305174.4755867,230,387,176
1765305174.4755867,16,1056,670
1765305174.4755867,22,446,271
1765305174.530148,9,425,308
1765305174.530148,110,697,328
1765305174.530148,201,303,268
1765305174.530148,1,819,493
1765305174.530148,7,678,534
1765305174.530148,224,395,210
1765305174.530148,219,594,307
1765305174.530148,202,394,347
1765305174.530148,229,445,264
1765305174.530148,114,331,205
1765305174.530148,155,521,224
1765305174.530148,196,582,344
1765305174.530148,16,1052,668
1765305174.530148,4,328,323
1765305174.530148,230,386,176
1765305174.530148,189,371,240
1765305174.530148,22,449,270
1765305174.5798962,9,425,306
1765305174.5798962,110,700,328
1765305174.5798962,201,304,268
1765305174.5798962,1,819,493
1765305174.5798962,7,678,533
1765305174.5798962,229,446,262
1765305174.5798962,224,395,210
1765305174.5798962,114,329,207
1765305174.5798962,219,599,306
1765305174.5798962,202,398,345
1765305174.5798962,4,329,320
1765305174.5798962,196,581,344
1765305174.5798962,155,524,223
1765305174.5798962,233,363,338
1765305174.5798962,189,372,239
1765305174.5798962,230,386,176
1765305174.5798962,16,1053,671
1765305174.6340451,9,425,306
1765305174.6340451,110,702,327
1765305174.6340451,201,304,267
1765305174.6340451,1,819,493
1765305174.6340451,7,678,534
1765305174.6340451,229,447,261
1765305174.6340451,219,600,307
1765305174.6340451,224,395,210
1765305174.6340451,202,400,343
1765305174.6340451,114,329,208
1765305174.6340451,4,330,320
1765305174.6340451,196,582,344
1765305174.6340451,155,527,224
1765305174.6340451,189,371,237
1765305174.6340451,233,362,337
1765305174.6340451,230,390,176
1765305174.6340451,221,373,229
1765305174.7068777,9,425,306
1765305174.7068777,201,304,266
1765305174.7068777,110,706,330
1765305174.7068777,1,819,492
1765305174.7068777,202,407,341
1765305174.7068777,7,677,533
1765305174.7068777,219,604,311
1765305174.7068777,229,447,260
1765305174.7068777,114,334,209
1765305174.7068777,155,532,224
1765305174.7068777,224,401,210
1765305174.7068777,196,585,344
1765305174.7068777,4,330,321
1765305174.7068777,189,371,232
1765305174.7068777,233,363,335
1765305174.7068777,230,391,177
1765305174.7851658,201,303,266
1765305174.7851658,9,425,307
1765305174.7851658,110,712,331
1765305174.7851658,1,819,492
1765305174.7851658,7,677,533
1765305174.7851658,219,607,311
1765305174.7851658,114,336,210
1765305174.7851658,196,588,343
1765305174.7851658,202,411,338
1765305174.7851658,224,400,210
1765305174.7851658,4,329,317
1765305174.7851658,229,447,258
1765305174.7851658,233,365,333
1765305174.7851658,155,539,226
1765305174.7851658,189,370,230
1765305174.7851658,230,390,176
1765305174.7851658,16,1053,668
1765305174.7851658,161,327,170
1765305174.836116,201,304,266
1765305174.836116,9,425,307
1765305174.836116,110,717,333
1765305174.836116,1,819,491
1765305174.836116,219,610,311
1765305174.836116,224,401,211
1765305174.836116,4,331,312
1765305174.836116,7,677,534
1765305174.836116,233,367,331
1765305174.836116,114,335,210
1765305174.836116,229,449,258
1765305174.836116,196,590,344
1765305174.836116,155,545,229
1765305174.836116,189,370,229
1765305174.836116,202,416,336
1765305174.836116,221,367,233
1765305174.836116,230,393,177
1765305174.836116,161,327,170
1765305174.836116,16,1062,673
1765305174.8851223,201,304,265
1765305174.8851223,9,425,307
1765305174.8851223,110,719,333
1765305174.8851223,1,819,491
1765305174.8851223,155,554,233
1765305174.8851223,4,333,311
1765305174.8851223,7,677,534
1765305174.8851223,219,613,312
1765305174.8851223,233,370,328
1765305174.8851223,224,401,209
1765305174.8851223,114,335,211
1765305174.8851223,235,686,186
1765305174.8851223,229,449,258
1765305174.8851223,230,392,177
1765305174.8851223,196,587,345
1765305174.8851223,189,369,230
1765305174.8851223,202,421,335
1765305174.8851223,161,326,170
1765305174.8851223,16,1052,671
1765305174.8851223,221,364,230
1765305174.9394827,201,305,266
1765305174.9394827,1,820,491
1765305174.9394827,110,723,334
1765305174.9394827,9,428,307
1765305174.9394827,4,333,310
1765305174.9394827,7,678,534
1765305174.9394827,155,561,235
1765305174.9394827,224,402,209
1765305174.9394827,219,622,314
1765305174.9394827,114,334,212
1765305174.9394827,202,425,334
1765305174.9394827,230,395,177
1765305174.9394827,229,449,258
1765305174.9394827,238,607,344
1765305174.9394827,196,582,345
1765305174.9394827,16,1052,669
1765305174.9394827,235,684,180
1765305174.9394827,237,615,345
1765305174.9394827,233,373,324
1765305174.9394827,161,327,169
1765305174.9394827,189,370,225
1765305174.9884946,201,306,265
1765305174.9884946,1,820,491
1765305174.9884946,110,724,335
1765305174.9884946,9,429,306
1765305174.9884946,4,332,309
1765305174.9884946,7,678,534
1765305174.9884946,155,564,235
1765305174.9884946,230,396,178
1765305174.9884946,114,335,212
1765305174.9884946,196,582,346
1765305174.9884946,202,430,334
1765305174.9884946,219,630,317
1765305174.9884946,229,449,258
1765305174.9884946,224,406,209
1765305174.9884946,237,613,345
1765305174.9884946,161,328,170
1765305174.9884946,189,373,228
1765305174.9884946,233,377,320
1765305174.9884946,16,1057,673
1765305174.9884946,235,681,179
1765305175.0457091,201,306,265
1765305175.0457091,1,820,491
1765305175.0457091,9,428,305
1765305175.0457091,110,729,335
1765305175.0457091,4,331,307
1765305175.0457091,7,678,534
1765305175.0457091,196,583,347
1765305175.0457091,237,621,345
1765305175.0457091,230,396,178
1765305175.0457091,155,575,238
1765305175.0457091,161,328,169
1765305175.0457091,114,336,212
1765305175.0457091,202,431,332
1765305175.0457091,219,633,317
1765305175.0457091,229,449,257
1765305175.0457091,224,404,209
1765305175.0457091,233,375,321
1765305175.0457091,189,370,227
1765305175.0457091,16,1055,672
1765305175.1005654,201,305,264
1765305175.1005654,9,428,305
1765305175.1005654,1,820,491
1765305175.1005654,110,731,336
1765305175.1005654,237,624,345
1765305175.1005654,4,329,306
1765305175.1005654,7,678,534
1765305175.1005654,196,583,347
1765305175.1005654,230,401,179
1765305175.1005654,219,633,316
1765305175.1005654,202,436,329
1765305175.1005654,114,337,212
1765305175.1005654,233,377,316
1765305175.1005654,240,331,356
1765305175.1005654,161,328,169
1765305175.1005654,229,449,258
1765305175.1005654,224,411,210
1765305175.1005654,155,577,239
1765305175.1005654,16,1050,666
1765305175.1005654,189,369,227
1765305175.1449835,201,305,264
1765305175.1449835,237,628,346
1765305175.1449835,110,737,336
1765305175.1449835,9,428,304
1765305175.1449835,1,820,490
1765305175.1449835,7,679,533
1765305175.1449835,4,329,304
1765305175.1449835,196,584,348
1765305175.1449835,155,585,241
1765305175.1449835,240,332,360
1765305175.1449835,233,376,316
1765305175.1449835,219,637,318
1765305175.1449835,230,398,180
1765305175.1449835,224,413,211
1765305175.1449835,202,444,326
1765305175.1449835,161,328,169
1765305175.1449835,229,448,256
1765305175.1449835,114,334,221
1765305175.1449835,16,1052,668
1765305175.1449835,189,369,225
1765305175.1970153,201,305,263
1765305175.1970153,110,738,335
1765305175.1970153,9,428,304
1765305175.1970153,1,820,490
1765305175.1970153,7,679,533
1765305175.1970153,4,330,302
1765305175.1970153,240,333,362
1765305175.1970153,233,377,312
1765305175.1970153,196,584,347
1765305175.1970153,202,450,326
1765305175.1970153,155,594,244
1765305175.1970153,230,399,179
1765305175.1970153,219,639,315
1765305175.1970153,161,328,170
1765305175.1970153,114,334,222
1765305175.1970153,237,635,344
1765305175.1970153,229,449,257
1765305175.1970153,224,413,209
1765305175.1970153,189,369,227
1765305175.1970153,16,1052,670
1765305175.2523892,110,742,338
1765305175.2523892,7,678,534
1765305175.2523892,202,457,323
1765305175.2523892,1,820,490
1765305175.2523892,9,428,303
1765305175.2523892,201,305,263
1765305175.2523892,196,584,346
1765305175.2523892,233,380,308
1765305175.2523892,240,335,363
1765305175.2523892,155,601,247
1765305175.2523892,230,402,179
1765305175.2523892,4,330,298
1765305175.2523892,224,417,214
1765305175.2523892,241,638,346
1765305175.2523892,237,644,344
1765305175.2523892,229,449,256
1765305175.2523892,114,335,222
1765305175.2523892,219,644,317
1765305175.2523892,161,327,169
1765305175.2523892,189,368,223
1765305175.2523892,16,1051,669
1765305175.3073611,110,746,340
1765305175.3073611,7,677,534
1765305175.3073611,196,586,346
1765305175.3073611,201,306,264
1765305175.3073611,240,334,364
1765305175.3073611,1,820,489
1765305175.3073611,9,429,303
1765305175.3073611,202,459,320
1765305175.3073611,233,380,307
1765305175.3073611,4,331,300
1765305175.3073611,155,607,250
1765305175.3073611,161,328,171
1765305175.3073611,229,450,257
1765305175.3073611,241,638,344
1765305175.3073611,224,415,210
1765305175.3073611,16,1052,667
1765305175.3073611,230,405,180
1765305175.3073611,219,650,322
1765305175.3073611,114,331,220
1765305175.3073611,189,366,214
1765305175.3570464,110,750,341
1765305175.3570464,7,677,534
1765305175.3570464,196,585,346
1765305175.3570464,201,306,264
1765305175.3570464,202,464,320
1765305175.3570464,233,386,304
1765305175.3570464,1,820,489
1765305175.3570464,240,334,366
1765305175.3570464,4,332,300
1765305175.3570464,155,614,254
1765305175.3570464,9,430,302
1765305175.3570464,161,328,171
1765305175.3570464,16,1052,666
1765305175.3570464,229,450,256
1765305175.3570464,224,418,213
1765305175.3570464,230,407,180
1765305175.3570464,241,648,339
1765305175.3570464,219,652,327
1765305175.3570464,189,366,214
1765305175.3570464,114,333,222
1765305175.4124103,110,752,341
1765305175.4124103,196,587,346
1765305175.4124103,7,676,534
1765305175.4124103,201,305,263
1765305175.4124103,1,820,489
1765305175.4124103,202,470,317
1765305175.4124103,240,334,367
1765305175.4124103,155,619,257
1765305175.4124103,233,387,301
1765305175.4124103,9,430,301
1765305175.4124103,241,650,341
1765305175.4124103,161,328,171
1765305175.4124103,219,653,330
1765305175.4124103,224,415,210
1765305175.4124103,229,452,257
1765305175.4124103,230,406,180
1765305175.4124103,4,331,297
1765305175.4124103,16,1054,671
1765305175.4124103,245,365,202
1765305175.4124103,189,365,214
1765305175.4653893,196,587,345
1765305175.4653893,110,755,340
1765305175.4653893,7,677,534
1765305175.4653893,9,429,302
1765305175.4653893,201,303,262
1765305175.4653893,155,623,259
1765305175.4653893,1,820,488
1765305175.4653893,202,476,316
1765305175.4653893,240,336,373
1765305175.4653893,224,421,215
1765305175.4653893,229,454,257
1765305175.4653893,233,387,300
1765305175.4653893,219,660,328
1765305175.4653893,4,329,296
1765305175.4653893,161,329,172
1765305175.4653893,230,405,181
1765305175.4653893,241,654,339
1765305175.4653893,16,1055,669
1765305175.5116332,196,587,345
1765305175.5116332,7,677,534
1765305175.5116332,202,484,314
1765305175.5116332,9,428,303
1765305175.5116332,1,820,489
1765305175.5116332,110,757,342
1765305175.5116332,201,304,261
1765305175.5116332,224,419,214
1765305175.5116332,155,629,263
1765305175.5116332,240,337,374
1765305175.5116332,241,657,344
1765305175.5116332,229,455,258
1765305175.5116332,161,329,172
1765305175.5116332,233,386,298
1765305175.5116332,219,660,327
1765305175.5116332,230,406,181
1765305175.5116332,16,1052,667
1765305175.5116332,4,329,294
1765305175.5582912,196,588,345
1765305175.5582912,202,487,313
1765305175.5582912,110,763,342
1765305175.5582912,7,677,535
1765305175.5582912,1,820,489
1765305175.5582912,201,305,262
1765305175.5582912,240,339,378
1765305175.5582912,241,663,336
1765305175.5582912,9,427,303
1765305175.5582912,155,631,268
1765305175.5582912,224,419,210
1765305175.5582912,161,329,171
1765305175.5582912,229,455,258
1765305175.5582912,230,408,180
1765305175.5582912,233,393,292
1765305175.5582912,16,1055,668
1765305175.5582912,4,330,292
1765305175.6076853,110,765,343
1765305175.6076853,202,491,312
1765305175.6076853,7,677,535
1765305175.6076853,196,589,344
1765305175.6076853,201,305,262
1765305175.6076853,155,638,268
1765305175.6076853,1,820,488
1765305175.6076853,240,340,378
1765305175.6076853,9,428,303
1765305175.6076853,224,419,211
1765305175.6076853,161,330,171
1765305175.6076853,229,456,257
1765305175.6076853,233,395,287
1765305175.6076853,230,407,180
1765305175.6076853,219,675,323
1765305175.6076853,16,1055,670
1765305175.6076853,4,331,292
1765305175.6076853,241,668,337
1765305175.659526,110,767,344
1765305175.659526,202,496,312
1765305175.659526,241,670,344
1765305175.659526,7,676,534
1765305175.659526,196,590,342
1765305175.659526,201,304,260
1765305175.659526,240,341,381
1765305175.659526,1,820,488
1765305175.659526,9,429,302
1765305175.659526,155,652,274
1765305175.659526,161,330,173
1765305175.659526,230,408,179
1765305175.659526,224,419,210
1765305175.659526,233,396,287
1765305175.659526,229,457,257
1765305175.659526,16,1054,670
1765305175.659526,219,685,322
1765305175.659526,4,326,291
1765305175.7082224,110,771,344
1765305175.7082224,9,428,302
1765305175.7082224,1,821,489
1765305175.7082224,7,677,534
1765305175.7082224,196,591,341
1765305175.7082224,240,341,382
1765305175.7082224,233,396,285
1765305175.7082224,201,303,260
1765305175.7082224,230,411,179
1765305175.7082224,224,420,209
1765305175.7082224,241,675,342
1765305175.7082224,202,501,311
1765305175.7082224,161,330,173
1765305175.7082224,229,457,257
1765305175.7082224,155,652,277
1765305175.7082224,219,678,321
1765305175.7082224,16,1054,668
1765305175.7082224,4,325,292
1765305175.7594259,9,429,301
1765305175.7594259,110,774,346
1765305175.7594259,1,821,489
1765305175.7594259,241,677,343
1765305175.7594259,7,676,534
1765305175.7594259,240,342,385
1765305175.7594259,202,509,308
1765305175.7594259,233,397,284
1765305175.7594259,230,411,178
1765305175.7594259,196,592,340
1765305175.7594259,201,303,260
1765305175.7594259,224,420,210
1765305175.7594259,161,330,174
1765305175.7594259,229,457,257
1765305175.7594259,155,655,276
1765305175.7594259,219,683,321
1765305175.7594259,16,1055,669
1765305175.7594259,4,324,286
1765305175.8080077,9,430,301
1765305175.8080077,202,514,306
1765305175.8080077,241,679,342
1765305175.8080077,1,821,488
1765305175.8080077,110,779,348
1765305175.8080077,7,676,534
1765305175.8080077,201,304,260
1765305175.8080077,240,345,387
1765305175.8080077,224,420,208
1765305175.8080077,230,411,178
1765305175.8080077,233,398,283
1765305175.8080077,161,330,174
1765305175.8080077,155,665,282
1765305175.8080077,229,457,257
1765305175.8080077,196,591,339
1765305175.8080077,219,685,321
1765305175.8080077,16,1054,670
1765305175.856693,9,431,301
1765305175.856693,202,518,305
1765305175.856693,241,684,342
1765305175.856693,110,781,349
1765305175.856693,1,821,489
1765305175.856693,7,676,534
1765305175.856693,201,305,259
1765305175.856693,224,420,208
1765305175.856693,240,344,389
1765305175.856693,155,669,283
1765305175.856693,161,331,175
1765305175.856693,230,412,178
1765305175.856693,233,401,281
1765305175.856693,229,458,256
1765305175.856693,16,1053,668
1765305175.856693,219,699,321
1765305175.856693,196,593,336
1765305175.90593,9,432,301
1765305175.90593,110,783,350
1765305175.90593,202,522,304
1765305175.90593,1,821,489
1765305175.90593,7,676,534
1765305175.90593,155,678,287
1765305175.90593,241,689,343
1765305175.90593,201,305,260
1765305175.90593,224,421,207
1765305175.90593,196,590,334
1765305175.90593,240,346,394
1765305175.90593,161,332,176
1765305175.90593,230,412,178
1765305175.90593,219,700,321
1765305175.90593,233,399,278
1765305175.90593,229,458,256
1765305175.90593,16,1054,672
1765305175.9551015,9,432,300
1765305175.9551015,110,786,351
1765305175.9551015,1,821,489
1765305175.9551015,196,591,332
1765305175.9551015,201,305,259
1765305175.9551015,202,530,303
1765305175.9551015,7,676,534
1765305175.9551015,224,423,207
1765305175.9551015,155,682,289
1765305175.9551015,240,346,397
1765305175.9551015,161,329,178
1765305175.9551015,241,693,343
1765305175.9551015,230,415,177
1765305175.9551015,233,401,275
1765305175.9551015,219,698,322
1765305175.9551015,229,458,256
1765305175.9551015,16,1048,672
1765305176.0168066,110,789,351
1765305176.0168066,9,432,300
1765305176.0168066,201,304,258
1765305176.0168066,1,821,488
1765305176.0168066,240,347,399
1765305176.0168066,196,594,330
1765305176.0168066,7,676,534
1765305176.0168066,224,423,207
1765305176.0168066,161,329,178
1765305176.0168066,241,694,340
1765305176.0168066,233,400,273
1765305176.0168066,230,419,177
1765305176.0168066,202,538,303
1765305176.0168066,155,686,291
1765305176.0168066,229,459,256
1765305176.0168066,16,1052,667
1765305176.0168066,219,701,325
1765305176.072163,9,433,299
1765305176.072163,196,595,329
1765305176.072163,202,542,302
1765305176.072163,1,821,488
1765305176.072163,240,349,401
1765305176.072163,7,678,535
1765305176.072163,110,795,352
1765305176.072163,201,304,256
1765305176.072163,233,402,269
1765305176.072163,155,692,292
1765305176.072163,230,418,176
1765305176.072163,241,700,343
1765305176.072163,224,425,207
1765305176.072163,161,331,180
1765305176.072163,229,463,255
1765305176.072163,219,709,324
1765305176.072163,16,1053,667
1765305176.1278906,9,432,298
1765305176.1278906,202,546,302
1765305176.1278906,1,821,488
1765305176.1278906,110,796,353
1765305176.1278906,196,597,328
1765305176.1278906,7,677,534
1765305176.1278906,201,304,256
1765305176.1278906,233,400,268
1765305176.1278906,240,351,403
1765305176.1278906,241,703,340
1765305176.1278906,161,332,180
1765305176.1278906,230,418,177
1765305176.1278906,224,425,207
1765305176.1278906,155,697,293
1765305176.1278906,229,463,255
1765305176.1278906,254,700,299
1765305176.1278906,255,334,291
1765305176.1278906,16,1061,670
1765305176.180518,196,597,324
1765305176.180518,110,798,354
1765305176.180518,9,432,297
1765305176.180518,1,820,488
1765305176.180518,7,678,534
1765305176.180518,201,304,256
1765305176.180518,202,554,301
1765305176.180518,161,334,181
1765305176.180518,240,353,405
1765305176.180518,230,418,176
1765305176.180518,233,401,267
1765305176.180518,241,709,341
1765305176.180518,155,704,295
1765305176.180518,224,426,207
1765305176.180518,229,461,255
1765305176.180518,254,706,299
1765305176.180518,256,717,313
1765305176.180518,16,1056,669
1765305176.180518,255,335,293
1765305176.2291555,196,597,323
1765305176.2291555,233,405,263
1765305176.2291555,9,432,296
1765305176.2291555,7,677,534
1765305176.2291555,110,802,356
1765305176.2291555,202,562,300
1765305176.2291555,1,820,488
1765305176.2291555,230,418,175
1765305176.2291555,201,305,256
1765305176.2291555,161,334,181
1765305176.2291555,240,353,407
1765305176.2291555,229,465,257
1765305176.2291555,224,426,207
1765305176.2291555,155,705,293
1765305176.2291555,219,720,333
1765305176.2291555,241,714,344
1765305176.2291555,16,1053,667
1765305176.2291555,254,708,296
1765305176.2291555,256,723,313
1765305176.2291555,255,335,293
1765305176.2849395,196,597,322
1765305176.2849395,9,433,296
1765305176.2849395,233,406,262
1765305176.2849395,240,354,410
1765305176.2849395,110,805,357
1765305176.2849395,202,563,299
1765305176.2849395,7,677,534
1765305176.2849395,201,304,256
1765305176.2849395,1,820,487
1765305176.2849395,230,419,174
1765305176.2849395,241,713,349
1765305176.2849395,229,463,258
1765305176.2849395,224,426,207
1765305176.2849395,161,327,180
1765305176.2849395,219,722,334
1765305176.2849395,254,713,294
1765305176.2849395,256,722,313
1765305176.2849395,16,1055,670
1765305176.2849395,255,335,294
1765305176.3364096,196,598,321
1765305176.3364096,9,433,296
1765305176.3364096,110,808,357
1765305176.3364096,240,354,410
1765305176.3364096,7,677,535
1765305176.3364096,201,305,256
1765305176.3364096,233,406,261
1765305176.3364096,1,821,487
1765305176.3364096,202,567,299
1765305176.3364096,230,420,174
1765305176.3364096,241,715,351
1765305176.3364096,224,427,206
1765305176.3364096,229,465,258
1765305176.3364096,161,326,181
1765305176.3364096,219,723,333
1765305176.3364096,256,720,309
1765305176.3364096,155,713,295
1765305176.3364096,259,717,343
1765305176.3364096,16,1056,669
1765305176.3364096,255,331,294
1765305176.4017444,240,360,411
1765305176.4017444,196,601,320
1765305176.4017444,110,811,358
1765305176.4017444,9,434,296
1765305176.4017444,7,677,535
1765305176.4017444,1,821,487
1765305176.4017444,224,428,206
1765305176.4017444,233,406,260
1765305176.4017444,241,715,353
1765305176.4017444,229,467,259
1765305176.4017444,201,309,256
1765305176.4017444,219,727,333
1765305176.4017444,202,570,298
1765305176.4017444,230,419,175
1765305176.4017444,161,327,180
1765305176.4017444,16,1053,666
1765305176.4017444,256,725,309
1765305176.4017444,155,719,295
1765305176.4017444,259,721,344
1765305176.4017444,255,334,293
1765305176.465176,240,362,412
1765305176.465176,196,603,319
1765305176.465176,9,434,296
1765305176.465176,224,429,206
1765305176.465176,7,677,535
1765305176.465176,1,822,487
1765305176.465176,110,816,360
1765305176.465176,229,467,260
1765305176.465176,233,406,257
1765305176.465176,241,718,355
1765305176.465176,219,732,334
1765305176.465176,201,304,256
1765305176.465176,230,420,173
1765305176.465176,161,325,181
1765305176.465176,202,571,299
1765305176.465176,16,1055,665
1765305176.465176,155,721,295
1765305176.465176,261,737,312
1765305176.465176,256,728,309
1765305176.465176,255,340,294
1765305176.465176,259,725,339
1765305176.5296896,240,364,412
1765305176.5296896,9,434,295
1765305176.5296896,196,608,318
1765305176.5296896,110,821,361
1765305176.5296896,7,676,536
1765305176.5296896,1,823,487
1765305176.5296896,233,408,253
1765305176.5296896,229,468,261
1765305176.5296896,219,738,334
1765305176.5296896,224,430,208
1765305176.5296896,201,305,256
1765305176.5296896,241,720,357
1765305176.5296896,161,327,181
1765305176.5296896,202,583,295
1765305176.5296896,230,420,173
1765305176.5296896,16,1058,669
1765305176.5296896,155,722,295
1765305176.5296896,255,341,295
1765305176.5296896,256,726,306
1765305176.5296896,261,742,312
1765305176.5861855,9,434,295
1765305176.5861855,233,408,251
1765305176.5861855,240,369,412
1765305176.5861855,196,610,317
1765305176.5861855,110,821,360
1765305176.5861855,229,470,260
1765305176.5861855,1,823,487
1765305176.5861855,7,675,536
1765305176.5861855,224,429,208
1765305176.5861855,201,303,256
1765305176.5861855,241,722,358
1765305176.5861855,219,739,334
1765305176.5861855,202,591,292
1765305176.5861855,230,421,172
1765305176.5861855,161,326,180
1765305176.5861855,155,726,294
1765305176.5861855,261,748,311
1765305176.5861855,256,732,309
1765305176.5861855,16,1054,669
1765305176.6633701,9,434,295
1765305176.6633701,233,410,247
1765305176.6633701,110,826,363
1765305176.6633701,240,371,414
1765305176.6633701,229,471,259
1765305176.6633701,201,301,256
1765305176.6633701,224,433,206
1765305176.6633701,196,613,318
1765305176.6633701,1,823,487
1765305176.6633701,7,676,536
1765305176.6633701,241,724,359
1765305176.6633701,219,744,335
1765305176.6633701,155,733,292
1765305176.6633701,230,423,174
1765305176.6633701,161,325,182
1765305176.6633701,261,747,312
1765305176.6633701,202,596,293
1765305176.6633701,16,1053,669
1765305176.6633701,114,328,245
1765305176.6633701,256,739,310
1765305176.7401488,9,435,295
1765305176.7401488,241,725,361
1765305176.7401488,110,828,364
1765305176.7401488,233,406,249
1765305176.7401488,240,374,413
1765305176.7401488,201,301,256
1765305176.7401488,229,473,259
1765305176.7401488,224,435,205
1765305176.7401488,1,822,487
1765305176.7401488,7,676,535
1765305176.7401488,196,611,318
1765305176.7401488,219,745,336
1765305176.7401488,155,736,291
1765305176.7401488,16,1052,666
1765305176.7401488,161,324,181
1765305176.7401488,230,424,173
1765305176.7401488,261,751,312
1765305176.7401488,114,329,245
1765305176.7401488,264,474,264
1765305176.7401488,202,601,292
1765305176.825196,9,435,295
1765305176.825196,241,727,362
1765305176.825196,240,377,413
1765305176.825196,110,834,364
1765305176.825196,233,405,247
1765305176.825196,224,434,205
1765305176.825196,229,473,261
1765305176.825196,1,821,487
1765305176.825196,201,301,255
1765305176.825196,7,676,535
1765305176.825196,196,613,317
1765305176.825196,261,756,310
1765305176.825196,155,738,290
1765305176.825196,219,750,336
1765305176.825196,114,331,243
1765305176.825196,202,606,290
1765305176.825196,16,1053,666
1765305176.825196,264,475,265
1765305176.825196,161,325,181
1765305176.825196,230,423,173
1765305176.8853345,240,379,412
1765305176.8853345,9,435,295
1765305176.8853345,241,731,363
1765305176.8853345,201,302,255
1765305176.8853345,233,405,247
1765305176.8853345,224,439,204
1765305176.8853345,110,836,365
1765305176.8853345,229,473,261
1765305176.8853345,1,821,487
1765305176.8853345,7,676,535
1765305176.8853345,261,757,310
1765305176.8853345,155,739,290
1765305176.8853345,202,611,291
1765305176.8853345,196,616,314
1765305176.8853345,219,751,338
1765305176.8853345,114,329,240
1765305176.8853345,230,429,173
1765305176.8853345,264,475,265
1765305176.8853345,161,323,180
1765305176.8853345,16,1054,669
1765305176.9478004,9,436,294
1765305176.9478004,240,381,413
1765305176.9478004,233,404,247
1765305176.9478004,241,735,364
1765305176.9478004,201,303,256
1765305176.9478004,224,437,203
1765305176.9478004,264,477,264
1765305176.9478004,7,677,537
1765305176.9478004,110,839,365
1765305176.9478004,1,821,487
1765305176.9478004,202,619,289
1765305176.9478004,155,739,288
1765305176.9478004,261,758,308
1765305176.9478004,114,333,237
1765305176.9478004,219,757,338
1765305176.9478004,196,621,311
1765305176.9478004,16,1054,669
1765305176.9478004,161,323,181
1765305176.9478004,230,429,173
1765305177.0568416,233,405,245
1765305177.0568416,9,437,293
1765305177.0568416,240,386,411
1765305177.0568416,241,736,366
1765305177.0568416,224,439,203
1765305177.0568416,110,844,366
1765305177.0568416,1,822,488
1765305177.0568416,7,677,535
1765305177.0568416,202,622,287
1765305177.0568416,201,304,258
1765305177.0568416,264,477,267
1765305177.0568416,155,742,287
1765305177.0568416,261,761,310
1765305177.0568416,114,331,238
1765305177.0568416,219,759,338
1765305177.0568416,196,626,311
1765305177.0568416,16,1052,668
1765305177.0568416,161,323,180
1765305177.0568416,230,429,172
1765305177.1215162,233,404,245
1765305177.1215162,9,437,293
1765305177.1215162,240,388,410
1765305177.1215162,241,738,368
1765305177.1215162,110,845,367
1765305177.1215162,1,822,489
1765305177.1215162,224,440,203
1765305177.1215162,201,304,258
1765305177.1215162,7,676,536
1765305177.1215162,202,625,286
1765305177.1215162,264,477,267
1765305177.1215162,155,747,285
1765305177.1215162,261,766,311
1765305177.1215162,114,331,235
1765305177.1215162,219,763,338
1765305177.1215162,196,629,312
1765305177.1215162,16,1053,670
1765305177.1215162,230,430,173
1765305177.177473,233,404,244
1765305177.177473,241,739,370
1765305177.177473,9,437,293
1765305177.177473,110,851,367
1765305177.177473,224,439,202
1765305177.177473,240,392,407
1765305177.177473,1,822,489
1765305177.177473,201,303,256
1765305177.177473,7,677,536
1765305177.177473,261,769,310
1765305177.177473,155,747,285
1765305177.177473,264,478,266
1765305177.177473,202,630,284
1765305177.177473,196,633,312
1765305177.177473,219,764,338
1765305177.177473,114,331,235
1765305177.177473,16,1054,670
1765305177.177473,266,323,176
1765305177.2392316,233,404,244
1765305177.2392316,9,436,294
1765305177.2392316,241,741,371
1765305177.2392316,110,854,367
1765305177.2392316,7,677,535
1765305177.2392316,224,441,202
1765305177.2392316,1,822,488
1765305177.2392316,240,395,405
1765305177.2392316,201,305,255
1765305177.2392316,155,748,283
1765305177.2392316,261,772,310
1765305177.2392316,114,332,232
1765305177.2392316,202,640,282
1765305177.2392316,196,634,308
1765305177.2392316,219,766,338
1765305177.2392316,264,482,267
1765305177.2392316,16,1053,668
1765305177.302405,233,405,243
1765305177.302405,9,436,294
1765305177.302405,241,742,372
1765305177.302405,7,677,535
1765305177.302405,110,856,367
1765305177.302405,1,821,488
1765305177.302405,224,441,202
1765305177.302405,201,305,254
1765305177.302405,240,397,403
1765305177.302405,155,748,283
1765305177.302405,202,646,281
1765305177.302405,261,776,309
1765305177.302405,196,638,308
1765305177.302405,114,330,230
1765305177.302405,264,484,266
1765305177.302405,219,770,339
1765305177.302405,16,1052,670
1765305177.302405,266,323,173
1765305177.3591113,233,406,243
1765305177.3591113,241,742,374
1765305177.3591113,9,436,294
1765305177.3591113,110,861,367
1765305177.3591113,240,398,403
1765305177.3591113,1,822,489
1765305177.3591113,201,305,255
1765305177.3591113,224,444,203
1765305177.3591113,7,676,535
1765305177.3591113,155,750,282
1765305177.3591113,196,644,306
1765305177.3591113,202,650,279
1765305177.3591113,261,778,309
1765305177.3591113,264,485,269
1765305177.3591113,114,333,231
1765305177.3591113,266,324,172
1765305177.3591113,16,1053,668
1765305177.3591113,219,777,330
1765305177.4115338,233,406,242
1765305177.4115338,9,436,293
1765305177.4115338,241,743,376
1765305177.4115338,240,399,401
1765305177.4115338,1,822,488
1765305177.4115338,7,676,535
1765305177.4115338,224,444,203
1765305177.4115338,201,305,254
1765305177.4115338,110,864,367
1765305177.4115338,196,649,306
1765305177.4115338,155,751,280
1765305177.4115338,261,779,308
1765305177.4115338,202,653,279
1765305177.4115338,114,330,228
1765305177.4115338,269,499,274
1765305177.4115338,264,489,272
1765305177.4115338,268,330,196
1765305177.4115338,266,324,172
1765305177.4115338,16,1057,669
1765305177.4553337,240,403,396
1765305177.4553337,9,438,293
1765305177.4553337,233,407,241
1765305177.4553337,241,747,379
1765305177.4553337,1,822,488
1765305177.4553337,201,305,254
1765305177.4553337,7,677,536
1765305177.4553337,224,442,202
1765305177.4553337,196,650,308
1765305177.4553337,261,783,308
1765305177.4553337,110,868,366
1765305177.4553337,155,751,278
1765305177.4553337,264,493,271
1765305177.4553337,268,334,199
1765305177.4553337,202,654,279
1765305177.4553337,114,331,226
1765305177.4553337,266,324,164
1765305177.4553337,219,776,340
1765305177.4553337,16,1045,671
1765305177.5091565,233,408,239
1765305177.5091565,9,439,293
1765305177.5091565,240,405,393
1765305177.5091565,201,305,254
1765305177.5091565,261,785,308
1765305177.5091565,224,445,202
1765305177.5091565,241,750,380
1765305177.5091565,7,676,536
1765305177.5091565,1,823,488
1765305177.5091565,196,654,306
1765305177.5091565,219,771,341
1765305177.5091565,114,330,222
1765305177.5091565,155,752,279
1765305177.5091565,268,332,197
1765305177.5091565,264,498,275
1765305177.5091565,202,659,280
1765305177.5091565,110,873,368
1765305177.5091565,266,323,164
1765305177.5091565,16,1066,672
1765305177.557751,233,409,238
1765305177.557751,241,754,382
1765305177.557751,224,445,201
1765305177.557751,9,441,293
1765305177.557751,201,304,254
1765305177.557751,261,786,309
1765305177.557751,7,676,536
1765305177.557751,240,407,390
1765305177.557751,1,823,488
1765305177.557751,196,656,304
1765305177.557751,219,771,342
1765305177.557751,114,332,222
1765305177.557751,268,333,197
1765305177.557751,264,504,279
1765305177.557751,110,874,367
1765305177.557751,155,756,277
1765305177.557751,202,659,286
1765305177.557751,266,323,164
1765305177.557751,16,1056,669
1765305177.6049862,233,409,238
1765305177.6049862,241,756,384
1765305177.6049862,224,446,199
1765305177.6049862,261,792,309
1765305177.6049862,9,440,294
1765305177.6049862,201,305,254
1765305177.6049862,7,676,536
1765305177.6049862,1,824,488
1765305177.6049862,240,407,387
1765305177.6049862,219,773,342
1765305177.6049862,196,662,304
1765305177.6049862,114,334,224
1765305177.6049862,264,504,279
1765305177.6049862,268,333,198
1765305177.6049862,155,757,276
1765305177.6049862,110,876,366
1765305177.6049862,202,666,282
1765305177.6049862,16,1054,669
1765305177.6049862,266,323,163
1765305177.6551747,241,756,386
1765305177.6551747,233,408,238
1765305177.6551747,219,774,343
1765305177.6551747,240,410,382
1765305177.6551747,201,305,253
1765305177.6551747,261,796,308
1765305177.6551747,224,447,199
1765305177.6551747,7,677,536
1765305177.6551747,1,824,487
1765305177.6551747,264,513,284
1765305177.6551747,9,442,295
1765305177.6551747,196,665,304
1765305177.6551747,110,880,366
1765305177.6551747,114,334,224
1765305177.6551747,268,333,197
1765305177.6551747,155,759,272
1765305177.6551747,202,668,285
1765305177.6551747,266,323,163
1765305177.6551747,16,1055,672
1765305177.7037272,241,757,387
1765305177.7037272,233,409,238
1765305177.7037272,219,773,342
1765305177.7037272,240,410,382
1765305177.7037272,261,798,308
1765305177.7037272,201,305,254
1765305177.7037272,224,447,199
1765305177.7037272,7,677,536
1765305177.7037272,264,515,285
1765305177.7037272,1,823,488
1765305177.7037272,110,882,366
1765305177.7037272,196,667,301
1765305177.7037272,9,442,295
1765305177.7037272,114,334,223
1765305177.7037272,155,757,271
1765305177.7037272,268,332,197
1765305177.7037272,202,669,295
1765305177.7037272,271,373,173
1765305177.7037272,266,323,163
1765305177.7037272,16,1054,671
1765305177.7473333,233,410,238
1765305177.7473333,241,760,389
1765305177.7473333,219,771,343
1765305177.7473333,240,411,380
1765305177.7473333,110,882,366
1765305177.7473333,224,447,199
1765305177.7473333,264,517,287
1765305177.7473333,7,677,537
1765305177.7473333,201,307,254
1765305177.7473333,1,824,487
1765305177.7473333,9,443,295
1765305177.7473333,261,802,309
1765305177.7473333,196,669,300
1765305177.7473333,268,333,198
1765305177.7473333,114,334,222
1765305177.7473333,273,336,353
1765305177.7473333,155,758,272
1765305177.7473333,16,1053,669
1765305177.7473333,266,323,162
1765305177.7473333,271,373,171
1765305177.797887,233,409,237
1765305177.797887,224,447,199
1765305177.797887,241,762,391
1765305177.797887,201,306,254
1765305177.797887,219,770,343
1765305177.797887,110,884,365
1765305177.797887,261,805,310
1765305177.797887,7,677,536
1765305177.797887,264,518,288
1765305177.797887,240,413,375
1765305177.797887,1,824,487
1765305177.797887,9,444,295
1765305177.797887,268,333,197
1765305177.797887,196,672,296
1765305177.797887,273,336,356
1765305177.797887,155,761,270
1765305177.797887,274,683,272
1765305177.797887,114,334,222
1765305177.797887,16,1052,669
1765305177.797887,271,373,172
1765305177.797887,266,323,161
1765305177.8489962,224,447,197
1765305177.8489962,241,764,393
1765305177.8489962,9,446,294
1765305177.8489962,219,769,343
1765305177.8489962,264,521,289
1765305177.8489962,7,677,535
1765305177.8489962,233,409,237
1765305177.8489962,201,306,254
1765305177.8489962,261,806,312
1765305177.8489962,110,886,364
1765305177.8489962,1,823,487
1765305177.8489962,240,413,371
1765305177.8489962,273,336,356
1765305177.8489962,155,763,269
1765305177.8489962,196,678,294
1765305177.8489962,268,332,196
1765305177.8489962,230,453,165
1765305177.8489962,16,1050,669
1765305177.8489962,274,687,272
1765305177.8489962,114,333,221
1765305177.8489962,271,374,171
1765305177.8951087,224,448,197
1765305177.8951087,219,769,343
1765305177.8951087,241,766,396
1765305177.8951087,9,446,294
1765305177.8951087,7,677,535
1765305177.8951087,264,523,290
1765305177.8951087,233,408,237
1765305177.8951087,201,307,254
1765305177.8951087,1,823,488
1765305177.8951087,110,886,363
1765305177.8951087,240,415,366
1765305177.8951087,155,763,269
1765305177.8951087,196,678,296
1765305177.8951087,268,333,196
1765305177.8951087,273,336,355
1765305177.8951087,230,455,162
1765305177.8951087,274,696,271
1765305177.8951087,16,1051,669
1765305177.8951087,114,330,220
1765305177.8951087,271,374,171
1765305177.8951087,261,805,312
1765305177.9471912,224,449,197
1765305177.9471912,219,767,343
1765305177.9471912,241,766,397
1765305177.9471912,9,450,294
1765305177.9471912,7,676,535
1765305177.9471912,264,525,292
1765305177.9471912,1,823,488
1765305177.9471912,201,306,254
1765305177.9471912,240,415,362
1765305177.9471912,233,404,237
1765305177.9471912,110,886,363
1765305177.9471912,261,812,314
1765305177.9471912,196,681,297
1765305177.9471912,274,697,271
1765305177.9471912,155,763,269
1765305177.9471912,273,336,360
1765305177.9471912,16,1053,665
1765305177.9471912,268,334,194
1765305177.9471912,114,332,219
1765305177.9471912,230,456,162
1765305177.9471912,271,371,171
1765305177.9471912,266,321,162
1765305177.9976292,224,449,197
1765305177.9976292,219,766,344
1765305177.9976292,264,530,293
1765305177.9976292,9,454,294
1765305177.9976292,241,771,398
1765305177.9976292,7,675,535
1765305177.9976292,1,823,488
1765305177.9976292,196,679,298
1765305177.9976292,201,306,254
1765305177.9976292,261,813,315
1765305177.9976292,240,416,359
1765305177.9976292,274,699,268
1765305177.9976292,273,339,370
1765305177.9976292,233,402,237
1765305177.9976292,155,763,269
1765305177.9976292,110,891,362
1765305177.9976292,268,335,195
1765305177.9976292,16,1054,667
1765305177.9976292,230,453,162
1765305177.9976292,114,335,220
1765305177.9976292,266,321,162
1765305177.9976292,271,374,172
1765305178.0652993,224,449,197
1765305178.0652993,219,764,344
1765305178.0652993,201,307,253
1765305178.0652993,264,534,295
1765305178.0652993,7,676,535
1765305178.0652993,273,340,372
1765305178.0652993,1,823,488
1765305178.0652993,241,772,401
1765305178.0652993,196,683,297
1765305178.0652993,9,456,294
1765305178.0652993,240,417,356
1765305178.0652993,261,813,315
1765305178.0652993,274,705,268
1765305178.0652993,110,891,361
1765305178.0652993,233,401,235
1765305178.0652993,114,334,219
1765305178.0652993,155,764,269
1765305178.0652993,230,454,161
1765305178.0652993,16,1054,669
1765305178.0652993,268,335,194
1765305178.0652993,266,320,159
1765305178.0652993,271,376,173
1765305178.1133106,224,451,197
1765305178.1133106,219,764,344
1765305178.1133106,241,773,402
1765305178.1133106,1,822,488
1765305178.1133106,7,675,534
1765305178.1133106,264,537,296
1765305178.1133106,201,307,252
1765305178.1133106,9,457,294
1765305178.1133106,240,418,354
1765305178.1133106,273,341,373
1765305178.1133106,274,711,269
1765305178.1133106,196,683,297
1765305178.1133106,230,455,161
1765305178.1133106,155,764,270
1765305178.1133106,261,816,317
1765305178.1133106,233,404,236
1765305178.1133106,110,893,361
1765305178.1133106,268,334,194
1765305178.1133106,16,1052,670
1765305178.1133106,114,330,216
1765305178.1133106,271,376,174
1765305178.1133106,266,321,162
1765305178.1576219,219,762,346
1765305178.1576219,224,451,197
1765305178.1576219,264,539,297
1765305178.1576219,241,776,404
1765305178.1576219,9,459,295
1765305178.1576219,1,822,488
1765305178.1576219,201,306,252
1765305178.1576219,240,421,350
1765305178.1576219,7,676,534
1765305178.1576219,273,343,373
1765305178.1576219,274,711,268
1765305178.1576219,196,684,298
1765305178.1576219,155,771,276
1765305178.1576219,268,333,193
1765305178.1576219,230,458,162
1765305178.1576219,16,1052,667
1765305178.1576219,110,892,360
1765305178.1576219,233,406,234
1765305178.1576219,271,373,173
1765305178.1576219,261,820,320
1765305178.1576219,266,320,161
1765305178.1576219,114,333,216
1765305178.2059505,219,759,345
1765305178.2059505,224,451,196
1765305178.2059505,241,780,406
1765305178.2059505,9,462,296
1765305178.2059505,1,822,488
1765305178.2059505,201,307,253
1765305178.2059505,7,676,534
1765305178.2059505,273,345,372
1765305178.2059505,196,686,299
1765305178.2059505,240,420,349
1765305178.2059505,155,773,279
1765305178.2059505,264,551,298
1765305178.2059505,274,715,267
1765305178.2059505,230,458,162
1765305178.2059505,233,405,235
1765305178.2059505,16,1052,667
1765305178.2059505,110,890,358
1765305178.2059505,261,817,323
1765305178.2059505,268,332,193
1765305178.2059505,271,373,174
1765305178.2059505,114,334,215
1765305178.2059505,266,320,163
1765305178.2550435,241,780,406
1765305178.2550435,224,452,196
1765305178.2550435,219,757,346
1765305178.2550435,1,823,489
1765305178.2550435,9,463,298
1765305178.2550435,7,676,536
1765305178.2550435,264,556,300
1765305178.2550435,201,308,252
1765305178.2550435,196,690,298
1765305178.2550435,274,719,267
1765305178.2550435,273,347,372
1765305178.2550435,240,422,344
1765305178.2550435,233,407,236
1765305178.2550435,155,783,278
1765305178.2550435,261,824,327
1765305178.2550435,16,1053,670
1765305178.2550435,271,371,171
1765305178.2550435,114,334,213
1765305178.2550435,230,461,162
1765305178.3051224,224,452,196
1765305178.3051224,241,782,407
1765305178.3051224,219,755,347
1765305178.3051224,1,824,489
1765305178.3051224,7,676,535
1765305178.3051224,264,556,301
1765305178.3051224,273,347,372
1765305178.3051224,201,308,253
1765305178.3051224,196,690,298
1765305178.3051224,274,721,266
1765305178.3051224,240,422,341
1765305178.3051224,9,465,299
1765305178.3051224,233,407,236
1765305178.3051224,110,889,352
1765305178.3051224,155,790,282
1765305178.3051224,271,372,172
1765305178.3051224,16,1053,668
1765305178.3051224,114,333,213
1765305178.3051224,276,322,171
1765305178.3648155,224,452,196
1765305178.3648155,241,783,410
1765305178.3648155,1,824,489
1765305178.3648155,274,723,267
1765305178.3648155,219,754,348
1765305178.3648155,196,689,298
1765305178.3648155,264,557,301
1765305178.3648155,201,308,253
1765305178.3648155,7,675,535
1765305178.3648155,9,468,300
1765305178.3648155,273,349,372
1765305178.3648155,240,422,339
1765305178.3648155,155,792,284
1765305178.3648155,233,407,235
1765305178.3648155,110,890,352
1765305178.3648155,277,346,368
1765305178.3648155,271,373,172
1765305178.3648155,114,335,212
1765305178.3648155,16,1052,668
1765305178.3648155,276,321,169
1765305178.4050133,224,453,196
1765305178.4050133,241,784,411
1765305178.4050133,274,726,267
1765305178.4050133,1,825,489
1765305178.4050133,219,752,349
1765305178.4050133,201,309,253
1765305178.4050133,264,561,302
1765305178.4050133,7,676,535
1765305178.4050133,277,348,371
1765305178.4050133,196,693,298
1765305178.4050133,155,797,286
1765305178.4050133,240,421,337
1765305178.4050133,9,468,301
1765305178.4050133,233,407,236
1765305178.4050133,110,890,352
1765305178.4050133,271,374,174
1765305178.4050133,16,1052,667
1765305178.4050133,268,332,190
1765305178.4050133,114,335,212
1765305178.4050133,276,322,165
1765305178.4551342,241,786,412
1765305178.4551342,224,452,196
1765305178.4551342,9,471,303
1765305178.4551342,1,825,489
1765305178.4551342,7,676,535
1765305178.4551342,201,310,253
1765305178.4551342,274,729,268
1765305178.4551342,219,748,349
1765305178.4551342,277,354,372
1765305178.4551342,264,565,304
1765305178.4551342,196,692,298
1765305178.4551342,240,422,331
1765305178.4551342,261,832,333
1765305178.4551342,233,407,236
1765305178.4551342,155,802,288
1765305178.4551342,110,891,349
1765305178.4551342,16,1051,667
1765305178.4551342,271,374,174
1765305178.4551342,114,333,210
1765305178.4551342,268,330,188
1765305178.505446,9,472,304
1765305178.505446,224,452,196
1765305178.505446,241,789,413
1765305178.505446,1,825,489
1765305178.505446,219,743,349
1765305178.505446,7,675,535
1765305178.505446,201,309,254
1765305178.505446,277,354,372
1765305178.505446,264,566,305
1765305178.505446,274,735,271
1765305178.505446,196,692,298
1765305178.505446,240,422,329
1765305178.505446,261,831,335
1765305178.505446,155,807,290
1765305178.505446,233,406,237
1765305178.505446,110,891,348
1765305178.505446,271,371,172
1765305178.505446,268,332,194
1765305178.505446,16,1051,668
1765305178.505446,114,333,210
1765305178.5580697,9,475,305
1765305178.5580697,224,454,196
1765305178.5580697,277,354,371
1765305178.5580697,241,791,415
1765305178.5580697,219,738,350
1765305178.5580697,1,825,489
1765305178.5580697,201,310,254
1765305178.5580697,7,675,535
1765305178.5580697,264,573,308
1765305178.5580697,261,832,337
1765305178.5580697,274,740,273
1765305178.5580697,240,423,327
1765305178.5580697,110,890,347
1765305178.5580697,233,405,235
1765305178.5580697,155,813,293
1765305178.5580697,196,696,297
1765305178.5580697,271,373,174
1765305178.5580697,268,331,188
1765305178.5580697,16,1051,668
1765305178.5580697,114,336,211
1765305178.6052206,219,734,350
1765305178.6052206,224,454,195
1765305178.6052206,201,308,254
1765305178.6052206,1,824,489
1765305178.6052206,277,355,370
1765305178.6052206,241,795,420
1765305178.6052206,7,677,536
1765305178.6052206,274,745,276
1765305178.6052206,264,574,309
1765305178.6052206,9,478,306
1765305178.6052206,233,405,236
1765305178.6052206,240,423,325
1765305178.6052206,261,834,343
1765305178.6052206,110,891,346
1765305178.6052206,155,828,298
1765305178.6052206,16,1051,667
1765305178.6052206,196,699,297
1765305178.6052206,268,331,183
1765305178.6052206,271,372,175
1765305178.6052206,114,328,212
